id,timestamp,i1_position_switch_pressed,i2_position_switch_pressed,i5_light_barrier_interrupted,m1_speed,o7_valve_open,o8_compressor_power_level,current_state,current_task,current_task_elapsed_seconds_since_start,current_sub_task,failure_label
Oven,2022-07-19 10:01:47.82,False,False,False,0,False,0,ready,,0.0,,
Oven,2022-07-19 10:01:47.92,False,False,False,0,False,0,ready,,0.0,,
Oven,2022-07-19 10:01:48.03,False,False,False,0,False,0,ready,,0.0,,
Oven,2022-07-19 10:01:48.13,False,False,False,0,False,0,ready,,0.0,,
Oven,2022-07-19 10:01:48.24,False,False,False,0,False,0,ready,,0.0,,
Oven,2022-07-19 10:01:48.34,False,False,False,0,False,0,ready,,0.0,,
Oven,2022-07-19 10:01:48.44,False,False,False,0,False,0,ready,,0.0,,
Oven,2022-07-19 10:01:48.55,False,False,False,0,False,0,ready,,0.0,,
Oven,2022-07-19 10:01:48.65,False,False,False,0,False,0,ready,,0.0,,
Oven,2022-07-19 10:01:48.75,False,False,False,0,False,0,ready,,0.0,,
Oven,2022-07-19 10:01:48.86,False,False,False,0,False,0,ready,,0.0,,
Oven,2022-07-19 10:01:48.96,False,False,False,0,False,0,ready,,0.0,,
Oven,2022-07-19 10:01:49.06,False,False,False,0,False,0,ready,,0.0,,
Oven,2022-07-19 10:01:49.17,False,False,False,0,False,0,ready,,0.0,,
Oven,2022-07-19 10:01:49.27,False,False,False,0,False,0,ready,,0.0,,
Oven,2022-07-19 10:01:49.37,False,False,False,0,False,0,ready,,0.0,,
Oven,2022-07-19 10:01:49.47,False,False,False,0,False,0,ready,,0.0,,
Oven,2022-07-19 10:01:49.58,False,False,False,0,False,0,ready,,0.0,,
Oven,2022-07-19 10:01:49.68,False,False,False,0,False,0,ready,,0.0,,
Oven,2022-07-19 10:01:49.79,False,False,False,0,False,0,ready,,0.0,,
Oven,2022-07-19 10:01:49.89,False,False,False,0,False,0,ready,,0.0,,
Oven,2022-07-19 10:01:50.00,False,False,False,0,False,0,ready,,0.0,,
Oven,2022-07-19 10:01:50.10,False,False,False,0,False,0,ready,,0.0,,
Oven,2022-07-19 10:01:50.21,False,False,False,0,False,0,ready,,0.0,,
Oven,2022-07-19 10:01:50.31,False,False,False,0,False,0,ready,,0.0,,
Oven,2022-07-19 10:01:50.42,False,False,False,0,False,0,ready,,0.0,,
Oven,2022-07-19 10:01:50.52,False,False,False,0,False,0,ready,,0.0,,
Oven,2022-07-19 10:01:50.62,False,False,False,0,False,0,ready,,0.0,,
Oven,2022-07-19 10:01:50.73,False,False,False,0,False,0,ready,,0.0,,
Oven,2022-07-19 10:01:50.83,False,False,False,0,False,0,ready,,0.0,,
Oven,2022-07-19 10:01:50.94,False,False,False,0,False,0,ready,,0.0,,
Oven,2022-07-19 10:01:51.04,False,False,False,0,False,0,ready,,0.0,,
Oven,2022-07-19 10:01:51.15,False,False,False,0,False,0,ready,,0.0,,
Oven,2022-07-19 10:01:51.25,False,False,False,0,False,0,ready,,0.0,,
Oven,2022-07-19 10:01:51.36,False,False,False,0,False,0,ready,,0.0,,
Oven,2022-07-19 10:01:51.46,False,False,False,0,False,0,ready,,0.0,,
Oven,2022-07-19 10:01:51.57,False,False,False,0,False,0,ready,,0.0,,
Oven,2022-07-19 10:01:51.67,False,False,False,0,False,0,ready,,0.0,,
Oven,2022-07-19 10:01:51.78,False,False,False,0,False,0,ready,,0.0,,
Oven,2022-07-19 10:01:51.88,False,False,False,0,False,0,ready,,0.0,,
Oven,2022-07-19 10:01:51.98,False,False,False,0,False,0,ready,,0.0,,
Oven,2022-07-19 10:01:52.09,False,False,False,0,False,0,ready,,0.0,,
Oven,2022-07-19 10:01:52.19,False,False,False,0,False,0,ready,,0.0,,
Oven,2022-07-19 10:01:52.29,False,False,False,0,False,0,ready,,0.0,,
Oven,2022-07-19 10:01:52.40,False,False,False,0,False,0,ready,,0.0,,
Oven,2022-07-19 10:01:52.50,False,False,False,0,False,0,ready,,0.0,,
Oven,2022-07-19 10:01:52.60,False,False,False,0,False,0,ready,,0.0,,
Oven,2022-07-19 10:01:52.71,False,False,False,0,False,0,ready,,0.0,,
Oven,2022-07-19 10:01:52.81,False,False,False,0,False,0,ready,,0.0,,
Oven,2022-07-19 10:01:52.91,False,False,False,0,False,0,ready,,0.0,,
Oven,2022-07-19 10:01:53.02,False,False,False,0,False,0,ready,,0.0,,
Oven,2022-07-19 10:01:53.12,False,False,False,0,False,0,ready,,0.0,,
Oven,2022-07-19 10:01:53.23,False,False,False,0,False,0,ready,,0.0,,
Oven,2022-07-19 10:01:53.33,False,False,False,0,False,0,ready,,0.0,,
Oven,2022-07-19 10:01:53.43,False,False,False,0,False,0,ready,,0.0,,
Oven,2022-07-19 10:01:53.54,False,False,False,0,False,0,ready,,0.0,,
Oven,2022-07-19 10:01:53.65,False,False,False,0,False,0,ready,,0.0,,
Oven,2022-07-19 10:01:53.75,False,False,False,0,False,0,ready,,0.0,,
Oven,2022-07-19 10:01:53.86,False,False,False,0,False,0,ready,,0.0,,
Oven,2022-07-19 10:01:53.96,False,False,False,0,False,0,ready,,0.0,,
Oven,2022-07-19 10:01:54.07,False,False,False,0,False,0,ready,,0.0,,
Oven,2022-07-19 10:01:54.17,False,False,False,0,False,0,ready,,0.0,,
Oven,2022-07-19 10:01:54.28,False,False,False,0,False,0,ready,,0.0,,
Oven,2022-07-19 10:01:54.38,False,False,False,0,False,0,ready,,0.0,,
Oven,2022-07-19 10:01:54.48,False,False,False,0,False,0,ready,,0.0,,
Oven,2022-07-19 10:01:54.59,False,False,False,0,False,0,ready,,0.0,,
Oven,2022-07-19 10:01:54.69,False,False,False,0,False,0,ready,,0.0,,
Oven,2022-07-19 10:01:54.80,False,False,False,0,False,0,ready,,0.0,,
Oven,2022-07-19 10:01:54.90,False,False,False,0,False,0,ready,,0.0,,
Oven,2022-07-19 10:01:55.01,False,False,False,0,False,0,ready,,0.0,,
Oven,2022-07-19 10:01:55.11,False,False,False,0,False,0,ready,,0.0,,
Oven,2022-07-19 10:01:55.21,False,False,False,0,False,0,ready,,0.0,,
Oven,2022-07-19 10:01:55.32,False,False,False,0,False,0,ready,,0.0,,
Oven,2022-07-19 10:01:55.42,False,False,False,0,False,0,ready,,0.0,,
Oven,2022-07-19 10:01:55.52,False,False,False,0,False,0,ready,,0.0,,
Oven,2022-07-19 10:01:55.62,False,False,False,0,False,0,ready,,0.0,,
Oven,2022-07-19 10:01:55.73,False,False,False,0,False,0,ready,,0.0,,
Oven,2022-07-19 10:01:55.83,False,False,False,0,False,0,ready,,0.0,,
Oven,2022-07-19 10:01:55.93,False,False,False,0,False,0,ready,,0.0,,
Oven,2022-07-19 10:01:56.03,False,False,False,0,False,0,ready,,0.0,,
Oven,2022-07-19 10:01:56.14,False,False,False,0,False,0,ready,,0.0,,
Oven,2022-07-19 10:01:56.24,False,False,False,0,False,0,ready,,0.0,,
Oven,2022-07-19 10:01:56.35,False,False,False,0,False,0,ready,,0.0,,
Oven,2022-07-19 10:01:56.45,False,False,False,0,False,0,ready,,0.0,,
Oven,2022-07-19 10:01:56.55,False,False,False,0,False,0,ready,,0.0,,
Oven,2022-07-19 10:01:56.66,False,False,False,0,False,0,ready,,0.0,,
Oven,2022-07-19 10:01:56.76,False,False,False,0,False,0,ready,,0.0,,
Oven,2022-07-19 10:01:56.86,False,False,False,0,False,0,ready,,0.0,,
Oven,2022-07-19 10:01:56.97,False,False,False,0,False,0,ready,,0.0,,
Oven,2022-07-19 10:01:57.07,False,False,False,0,False,0,ready,,0.0,,
Oven,2022-07-19 10:01:57.17,False,False,False,0,False,0,ready,,0.0,,
Oven,2022-07-19 10:01:57.27,False,False,False,0,False,0,ready,,0.0,,
Oven,2022-07-19 10:01:57.38,False,False,False,0,False,0,ready,,0.0,,
Oven,2022-07-19 10:01:57.48,False,False,False,0,False,0,ready,,0.0,,
Oven,2022-07-19 10:01:57.58,False,False,False,0,False,0,ready,,0.0,,
Oven,2022-07-19 10:01:57.69,False,False,False,0,False,0,ready,,0.0,,
Oven,2022-07-19 10:01:57.79,False,False,False,0,False,0,ready,,0.0,,
Oven,2022-07-19 10:01:57.90,False,False,False,0,False,0,ready,,0.0,,
Oven,2022-07-19 10:01:58.01,False,False,False,0,False,0,ready,,0.0,,
Oven,2022-07-19 10:01:58.11,False,False,False,0,False,0,ready,,0.0,,
Oven,2022-07-19 10:01:58.22,False,False,False,0,False,0,ready,,0.0,,
Oven,2022-07-19 10:01:58.32,False,False,False,0,False,0,ready,,0.0,,
Oven,2022-07-19 10:01:58.42,False,False,False,0,False,0,ready,,0.0,,
Oven,2022-07-19 10:01:58.53,False,False,False,0,False,0,ready,,0.0,,
Oven,2022-07-19 10:01:58.63,False,False,False,0,False,0,ready,,0.0,,
Oven,2022-07-19 10:01:58.73,False,False,False,0,False,0,ready,,0.0,,
Oven,2022-07-19 10:01:58.84,False,False,False,0,False,0,ready,,0.0,,
Oven,2022-07-19 10:01:58.94,False,False,False,0,False,0,ready,,0.0,,
Oven,2022-07-19 10:01:59.05,False,False,False,0,False,0,ready,,0.0,,
Oven,2022-07-19 10:01:59.15,False,False,False,0,False,0,ready,,0.0,,
Oven,2022-07-19 10:01:59.26,False,False,False,0,False,0,ready,,0.0,,
Oven,2022-07-19 10:01:59.36,False,False,False,0,False,0,ready,,0.0,,
Oven,2022-07-19 10:01:59.47,False,False,False,0,False,0,ready,,0.0,,
Oven,2022-07-19 10:01:59.57,False,False,False,0,False,0,ready,,0.0,,
Oven,2022-07-19 10:01:59.68,False,False,False,0,False,0,ready,,0.0,,
Oven,2022-07-19 10:01:59.78,False,False,False,0,False,0,ready,,0.0,,
Oven,2022-07-19 10:01:59.88,False,False,False,0,False,0,ready,,0.0,,
Oven,2022-07-19 10:01:59.99,False,False,False,0,False,0,ready,,0.0,,
Oven,2022-07-19 10:02:00.09,False,False,False,0,False,0,ready,,0.0,,
Oven,2022-07-19 10:02:00.19,False,False,False,0,False,0,ready,,0.0,,
Oven,2022-07-19 10:02:00.30,False,False,False,0,False,0,ready,,0.0,,
Oven,2022-07-19 10:02:00.40,False,False,False,0,False,0,ready,,0.0,,
Oven,2022-07-19 10:02:00.50,False,False,False,0,False,0,ready,,0.0,,
Oven,2022-07-19 10:02:00.61,False,False,False,0,False,0,ready,,0.0,,
Oven,2022-07-19 10:02:00.71,False,False,False,0,False,0,ready,,0.0,,
Oven,2022-07-19 10:02:00.82,False,False,False,0,False,0,ready,,0.0,,
Oven,2022-07-19 10:02:00.92,False,False,False,0,False,0,ready,,0.0,,
Oven,2022-07-19 10:02:01.02,False,False,False,0,False,0,ready,,0.0,,
Oven,2022-07-19 10:02:01.13,False,False,False,0,False,0,ready,,0.0,,
Oven,2022-07-19 10:02:01.23,False,False,False,0,False,0,ready,,0.0,,
Oven,2022-07-19 10:02:01.34,False,False,False,0,False,0,ready,,0.0,,
Oven,2022-07-19 10:02:01.44,False,False,False,0,False,0,ready,,0.0,,
Oven,2022-07-19 10:02:01.54,False,False,False,0,False,0,ready,,0.0,,
Oven,2022-07-19 10:02:01.65,False,False,False,0,False,0,ready,,0.0,,
Oven,2022-07-19 10:02:01.75,False,False,False,0,False,0,ready,,0.0,,
Oven,2022-07-19 10:02:01.85,False,False,False,0,False,0,ready,,0.0,,
Oven,2022-07-19 10:02:01.95,False,False,False,0,False,0,ready,,0.0,,
Oven,2022-07-19 10:02:02.06,False,False,False,0,False,0,ready,,0.0,,
Oven,2022-07-19 10:02:02.16,False,False,False,0,False,0,ready,,0.0,,
Oven,2022-07-19 10:02:02.27,False,False,False,0,False,0,ready,,0.0,,
Oven,2022-07-19 10:02:02.37,False,False,False,0,False,0,ready,,0.0,,
Oven,2022-07-19 10:02:02.48,False,False,False,0,False,0,ready,,0.0,,
Oven,2022-07-19 10:02:02.58,False,False,False,0,False,0,ready,,0.0,,
Oven,2022-07-19 10:02:02.68,False,False,False,0,False,0,ready,,0.0,,
Oven,2022-07-19 10:02:02.78,False,False,False,0,False,0,ready,,0.0,,
Oven,2022-07-19 10:02:02.89,False,False,False,0,False,0,ready,,0.0,,
Oven,2022-07-19 10:02:02.99,False,False,False,0,False,0,ready,,0.0,,
Oven,2022-07-19 10:02:03.09,False,False,False,0,False,0,ready,,0.0,,
Oven,2022-07-19 10:02:03.20,False,False,False,0,False,0,ready,,0.0,,
Oven,2022-07-19 10:02:03.30,False,False,False,0,False,0,ready,,0.0,,
Oven,2022-07-19 10:02:03.40,False,False,False,0,False,0,ready,,0.0,,
Oven,2022-07-19 10:02:03.51,False,False,False,0,False,0,ready,,0.0,,
Oven,2022-07-19 10:02:03.61,False,False,False,0,False,0,ready,,0.0,,
Oven,2022-07-19 10:02:03.72,False,False,False,0,False,0,ready,,0.0,,
Oven,2022-07-19 10:02:03.82,False,False,False,0,False,0,ready,,0.0,,
Oven,2022-07-19 10:02:03.92,False,False,False,0,False,0,ready,,0.0,,
Oven,2022-07-19 10:02:04.03,False,False,False,0,False,0,ready,,0.0,,
Oven,2022-07-19 10:02:04.13,False,False,False,0,False,0,ready,,0.0,,
Oven,2022-07-19 10:02:04.23,False,False,False,0,False,0,ready,,0.0,,
Oven,2022-07-19 10:02:04.34,False,False,False,0,False,0,ready,,0.0,,
Oven,2022-07-19 10:02:04.44,False,False,False,0,False,0,ready,,0.0,,
Oven,2022-07-19 10:02:04.54,False,False,False,0,False,0,ready,,0.0,,
Oven,2022-07-19 10:02:04.65,False,False,False,0,False,0,ready,,0.0,,
Oven,2022-07-19 10:02:04.75,False,False,False,0,False,0,ready,,0.0,,
Oven,2022-07-19 10:02:04.85,False,False,False,0,False,0,ready,,0.0,,
Oven,2022-07-19 10:02:04.96,False,False,False,0,False,0,ready,,0.0,,
Oven,2022-07-19 10:02:05.06,False,False,False,0,False,0,ready,,0.0,,
Oven,2022-07-19 10:02:05.16,False,False,False,0,False,0,ready,,0.0,,
Oven,2022-07-19 10:02:05.27,False,False,False,0,False,0,ready,,0.0,,
Oven,2022-07-19 10:02:05.37,False,False,False,0,False,0,ready,,0.0,,
Oven,2022-07-19 10:02:05.48,False,False,False,0,False,0,ready,,0.0,,
Oven,2022-07-19 10:02:05.58,False,False,False,0,False,0,ready,,0.0,,
Oven,2022-07-19 10:02:05.68,False,False,False,0,False,0,ready,,0.0,,
Oven,2022-07-19 10:02:05.79,False,False,False,0,False,0,ready,,0.0,,
Oven,2022-07-19 10:02:05.89,False,False,False,0,False,0,ready,,0.0,,
Oven,2022-07-19 10:02:05.99,False,False,False,0,False,0,ready,,0.0,,
Oven,2022-07-19 10:02:06.10,False,False,False,0,False,0,ready,,0.0,,
Oven,2022-07-19 10:02:06.21,False,False,False,0,False,0,ready,,0.0,,
Oven,2022-07-19 10:02:06.31,False,False,False,0,False,0,ready,,0.0,,
Oven,2022-07-19 10:02:06.41,False,False,False,0,False,0,ready,,0.0,,
Oven,2022-07-19 10:02:06.51,False,False,False,0,False,0,ready,,0.0,,
Oven,2022-07-19 10:02:06.61,False,False,False,0,False,0,ready,,0.0,,
Oven,2022-07-19 10:02:06.72,False,False,False,0,False,0,ready,,0.0,,
Oven,2022-07-19 10:02:06.82,False,False,False,0,False,0,ready,,0.0,,
Oven,2022-07-19 10:02:06.93,False,False,False,0,False,0,ready,,0.0,,
Oven,2022-07-19 10:02:07.03,False,False,False,0,False,0,ready,,0.0,,
Oven,2022-07-19 10:02:07.13,False,False,False,0,False,0,ready,,0.0,,
Oven,2022-07-19 10:02:07.24,False,False,False,0,False,0,ready,,0.0,,
Oven,2022-07-19 10:02:07.34,False,False,False,0,False,0,ready,,0.0,,
Oven,2022-07-19 10:02:07.44,False,False,False,0,False,0,ready,,0.0,,
Oven,2022-07-19 10:02:07.55,False,False,False,0,False,0,ready,,0.0,,
Oven,2022-07-19 10:02:07.65,False,False,False,0,False,0,ready,,0.0,,
Oven,2022-07-19 10:02:07.75,False,False,False,0,False,0,ready,,0.0,,
Oven,2022-07-19 10:02:07.86,False,False,False,0,False,0,ready,,0.0,,
Oven,2022-07-19 10:02:07.96,False,False,False,0,False,0,ready,,0.0,,
Oven,2022-07-19 10:02:08.06,False,False,False,0,False,0,ready,,0.0,,
Oven,2022-07-19 10:02:08.17,False,False,False,0,False,0,ready,,0.0,,
Oven,2022-07-19 10:02:08.27,False,False,False,0,False,0,ready,,0.0,,
Oven,2022-07-19 10:02:08.37,False,False,False,0,False,0,ready,,0.0,,
Oven,2022-07-19 10:02:08.48,False,False,False,0,False,0,ready,,0.0,,
Oven,2022-07-19 10:02:08.58,False,False,False,0,False,0,ready,,0.0,,
Oven,2022-07-19 10:02:08.68,False,False,False,0,False,0,ready,,0.0,,
Oven,2022-07-19 10:02:08.79,False,False,False,0,False,0,ready,,0.0,,
Oven,2022-07-19 10:02:08.89,False,False,False,0,False,0,ready,,0.0,,
Oven,2022-07-19 10:02:08.99,False,False,False,0,False,0,ready,,0.0,,
Oven,2022-07-19 10:02:09.10,False,False,False,0,False,0,ready,,0.0,,
Oven,2022-07-19 10:02:09.20,False,False,False,0,False,0,ready,,0.0,,
Oven,2022-07-19 10:02:09.30,False,False,False,0,False,0,ready,,0.0,,
Oven,2022-07-19 10:02:09.40,False,False,False,0,False,0,ready,,0.0,,
Oven,2022-07-19 10:02:09.51,False,False,False,0,False,0,ready,,0.0,,
Oven,2022-07-19 10:02:09.61,False,False,False,0,False,0,ready,,0.0,,
Oven,2022-07-19 10:02:09.71,False,False,False,0,False,0,ready,,0.0,,
Oven,2022-07-19 10:02:09.82,False,False,False,0,False,0,ready,,0.0,,
Oven,2022-07-19 10:02:09.92,False,False,False,0,False,0,ready,,0.0,,
Oven,2022-07-19 10:02:10.02,False,False,False,0,False,0,ready,,0.0,,
Oven,2022-07-19 10:02:10.13,False,False,False,0,False,0,ready,,0.0,,
Oven,2022-07-19 10:02:10.23,False,False,False,0,False,0,ready,,0.0,,
Oven,2022-07-19 10:02:10.34,False,False,False,0,False,0,ready,,0.0,,
Oven,2022-07-19 10:02:10.44,False,False,False,0,False,0,ready,,0.0,,
Oven,2022-07-19 10:02:10.54,False,False,False,0,False,0,ready,,0.0,,
Oven,2022-07-19 10:02:10.65,False,False,False,0,False,0,ready,,0.0,,
Oven,2022-07-19 10:02:10.75,False,False,False,0,False,0,ready,,0.0,,
Oven,2022-07-19 10:02:10.86,False,False,False,0,False,0,ready,,0.0,,
Oven,2022-07-19 10:02:10.96,False,False,False,0,False,0,ready,,0.0,,
Oven,2022-07-19 10:02:11.07,False,False,False,0,False,0,ready,,0.0,,
Oven,2022-07-19 10:02:11.17,False,False,False,0,False,0,ready,,0.0,,
Oven,2022-07-19 10:02:11.27,False,False,False,0,False,0,ready,,0.0,,
Oven,2022-07-19 10:02:11.38,False,False,False,0,False,0,ready,,0.0,,
Oven,2022-07-19 10:02:11.48,False,False,False,0,False,0,ready,,0.0,,
Oven,2022-07-19 10:02:11.58,False,False,False,0,False,0,ready,,0.0,,
Oven,2022-07-19 10:02:11.68,False,False,False,0,False,0,ready,,0.0,,
Oven,2022-07-19 10:02:11.79,False,False,False,0,False,0,ready,,0.0,,
Oven,2022-07-19 10:02:11.89,False,False,False,0,False,0,ready,,0.0,,
Oven,2022-07-19 10:02:12.00,False,False,False,0,False,0,ready,,0.0,,
Oven,2022-07-19 10:02:12.10,False,False,False,0,False,0,ready,,0.0,,
Oven,2022-07-19 10:02:12.20,False,False,False,0,False,0,ready,,0.0,,
Oven,2022-07-19 10:02:12.31,False,False,False,0,False,0,ready,,0.0,,
Oven,2022-07-19 10:02:12.41,False,False,False,0,False,0,ready,,0.0,,
Oven,2022-07-19 10:02:12.52,False,False,False,0,False,0,ready,,0.0,,
Oven,2022-07-19 10:02:12.62,False,False,False,0,False,0,ready,,0.0,,
Oven,2022-07-19 10:02:12.72,False,False,False,0,False,0,ready,,0.0,,
Oven,2022-07-19 10:02:12.82,False,False,False,0,False,0,ready,,0.0,,
Oven,2022-07-19 10:02:12.92,False,False,False,0,False,0,ready,,0.0,,
Oven,2022-07-19 10:02:13.02,False,False,False,0,False,0,ready,,0.0,,
Oven,2022-07-19 10:02:13.13,False,False,False,0,False,0,ready,,0.0,,
Oven,2022-07-19 10:02:13.23,False,False,False,0,False,0,ready,,0.0,,
Oven,2022-07-19 10:02:13.33,False,False,False,0,False,0,ready,,0.0,,
Oven,2022-07-19 10:02:13.43,False,False,False,0,False,0,ready,,0.0,,
Oven,2022-07-19 10:02:13.54,False,False,False,0,False,0,ready,,0.0,,
Oven,2022-07-19 10:02:13.64,False,False,False,0,False,0,ready,,0.0,,
Oven,2022-07-19 10:02:13.74,False,False,False,0,False,0,ready,,0.0,,
Oven,2022-07-19 10:02:13.84,False,False,False,0,False,0,ready,,0.0,,
Oven,2022-07-19 10:02:13.95,False,False,False,0,False,0,ready,,0.0,,
Oven,2022-07-19 10:02:14.05,False,False,False,0,False,0,ready,,0.0,,
Oven,2022-07-19 10:02:14.15,False,False,False,0,False,0,ready,,0.0,,
Oven,2022-07-19 10:02:14.25,False,False,False,0,False,0,ready,,0.0,,
Oven,2022-07-19 10:02:14.36,False,False,False,0,False,0,ready,,0.0,,
Oven,2022-07-19 10:02:14.46,False,False,False,0,False,0,ready,,0.0,,
Oven,2022-07-19 10:02:14.57,False,False,False,0,False,0,ready,,0.0,,
Oven,2022-07-19 10:02:14.67,False,False,False,0,False,0,ready,,0.0,,
Oven,2022-07-19 10:02:14.77,False,False,False,0,False,0,ready,,0.0,,
Oven,2022-07-19 10:02:14.88,False,False,False,0,False,0,ready,,0.0,,
Oven,2022-07-19 10:02:14.98,False,False,False,0,False,0,ready,,0.0,,
Oven,2022-07-19 10:02:15.08,False,False,False,0,False,0,ready,,0.0,,
Oven,2022-07-19 10:02:15.18,False,False,False,0,False,0,ready,,0.0,,
Oven,2022-07-19 10:02:15.29,False,False,False,0,False,0,ready,,0.0,,
Oven,2022-07-19 10:02:15.39,False,False,False,0,False,0,ready,,0.0,,
Oven,2022-07-19 10:02:15.49,False,False,False,0,False,0,ready,,0.0,,
Oven,2022-07-19 10:02:15.60,False,False,False,0,False,0,ready,,0.0,,
Oven,2022-07-19 10:02:15.70,False,False,False,0,False,0,ready,,0.0,,
Oven,2022-07-19 10:02:15.80,False,False,False,0,False,0,ready,,0.0,,
Oven,2022-07-19 10:02:15.91,False,False,False,0,False,0,ready,,0.0,,
Oven,2022-07-19 10:02:16.01,False,False,False,0,False,0,ready,,0.0,,
Oven,2022-07-19 10:02:16.11,False,False,False,0,False,0,ready,,0.0,,
Oven,2022-07-19 10:02:16.22,False,False,False,0,False,0,ready,,0.0,,
Oven,2022-07-19 10:02:16.32,False,False,False,0,False,0,ready,,0.0,,
Oven,2022-07-19 10:02:16.42,False,False,False,0,False,0,ready,,0.0,,
Oven,2022-07-19 10:02:16.53,False,False,False,0,False,0,ready,,0.0,,
Oven,2022-07-19 10:02:16.63,False,False,False,0,False,0,ready,,0.0,,
Oven,2022-07-19 10:02:16.73,False,False,False,0,False,0,ready,,0.0,,
Oven,2022-07-19 10:02:16.84,False,False,False,0,False,0,ready,,0.0,,
Oven,2022-07-19 10:02:16.94,False,False,False,0,False,0,ready,,0.0,,
Oven,2022-07-19 10:02:17.04,False,False,False,0,False,0,ready,,0.0,,
Oven,2022-07-19 10:02:17.15,False,False,False,0,False,0,ready,,0.0,,
Oven,2022-07-19 10:02:17.25,False,False,False,0,False,0,ready,,0.0,,
Oven,2022-07-19 10:02:17.35,False,False,False,0,False,0,ready,,0.0,,
Oven,2022-07-19 10:02:17.46,False,False,False,0,False,0,ready,,0.0,,
Oven,2022-07-19 10:02:17.56,False,False,False,0,False,0,ready,,0.0,,
Oven,2022-07-19 10:02:17.67,False,False,False,0,False,0,ready,,0.0,,
Oven,2022-07-19 10:02:17.77,False,False,False,0,False,0,ready,,0.0,,
Oven,2022-07-19 10:02:17.88,False,False,False,0,False,0,ready,,0.0,,
Oven,2022-07-19 10:02:17.98,False,False,False,0,False,0,ready,,0.0,,
Oven,2022-07-19 10:02:18.09,False,False,False,0,False,0,ready,,0.0,,
Oven,2022-07-19 10:02:18.19,False,False,False,0,False,0,ready,,0.0,,
Oven,2022-07-19 10:02:18.29,False,False,False,0,False,0,ready,,0.0,,
Oven,2022-07-19 10:02:18.39,False,False,False,0,False,0,ready,,0.0,,
Oven,2022-07-19 10:02:18.49,False,False,False,0,False,0,ready,,0.0,,
Oven,2022-07-19 10:02:18.60,False,False,False,0,False,0,ready,,0.0,,
Oven,2022-07-19 10:02:18.70,False,False,False,0,False,0,ready,,0.0,,
Oven,2022-07-19 10:02:18.80,False,False,False,0,False,0,ready,,0.0,,
Oven,2022-07-19 10:02:18.91,False,False,False,0,False,0,ready,,0.0,,
Oven,2022-07-19 10:02:19.01,False,False,False,0,False,0,ready,,0.0,,
Oven,2022-07-19 10:02:19.12,False,False,False,0,False,0,ready,,0.0,,
Oven,2022-07-19 10:02:19.22,False,False,False,0,False,0,ready,,0.0,,
Oven,2022-07-19 10:02:19.32,False,False,False,0,False,0,ready,,0.0,,
Oven,2022-07-19 10:02:19.42,False,False,False,0,False,0,ready,,0.0,,
Oven,2022-07-19 10:02:19.53,False,False,False,0,False,0,ready,,0.0,,
Oven,2022-07-19 10:02:19.63,False,False,False,0,False,0,ready,,0.0,,
Oven,2022-07-19 10:02:19.74,False,False,False,0,False,0,ready,,0.0,,
Oven,2022-07-19 10:02:19.84,False,False,False,0,False,0,ready,,0.0,,
Oven,2022-07-19 10:02:19.94,False,False,False,0,False,0,ready,,0.0,,
Oven,2022-07-19 10:02:20.04,False,False,False,0,False,0,ready,,0.0,,
Oven,2022-07-19 10:02:20.15,False,False,False,0,False,0,ready,,0.0,,
Oven,2022-07-19 10:02:20.25,False,False,False,0,False,0,ready,,0.0,,
Oven,2022-07-19 10:02:20.35,False,False,False,0,False,0,ready,,0.0,,
Oven,2022-07-19 10:02:20.46,False,False,False,0,False,0,ready,,0.0,,
Oven,2022-07-19 10:02:20.56,False,False,False,0,False,0,ready,,0.0,,
Oven,2022-07-19 10:02:20.67,False,False,False,0,False,0,ready,,0.0,,
Oven,2022-07-19 10:02:20.77,False,False,False,0,False,0,ready,,0.0,,
Oven,2022-07-19 10:02:20.87,False,False,False,0,False,0,ready,,0.0,,
Oven,2022-07-19 10:02:20.98,False,False,False,0,False,0,ready,,0.0,,
Oven,2022-07-19 10:02:21.08,False,False,False,0,False,0,ready,,0.0,,
Oven,2022-07-19 10:02:21.18,False,False,False,0,False,0,ready,,0.0,,
Oven,2022-07-19 10:02:21.29,False,False,False,0,False,0,ready,,0.0,,
Oven,2022-07-19 10:02:21.39,False,False,False,0,False,0,ready,,0.0,,
Oven,2022-07-19 10:02:21.49,False,False,False,0,False,0,ready,,0.0,,
Oven,2022-07-19 10:02:21.60,False,False,False,0,False,0,ready,,0.0,,
Oven,2022-07-19 10:02:21.70,False,False,False,0,False,0,ready,,0.0,,
Oven,2022-07-19 10:02:21.80,False,False,False,0,False,0,ready,,0.0,,
Oven,2022-07-19 10:02:21.90,False,False,False,0,False,0,ready,,0.0,,
Oven,2022-07-19 10:02:22.01,False,False,False,0,False,0,ready,,0.0,,
Oven,2022-07-19 10:02:22.11,False,False,False,0,False,0,ready,,0.0,,
Oven,2022-07-19 10:02:22.22,False,False,False,0,False,0,ready,,0.0,,
Oven,2022-07-19 10:02:22.32,False,False,False,0,False,0,ready,,0.0,,
Oven,2022-07-19 10:02:22.42,False,False,False,0,False,0,ready,,0.0,,
Oven,2022-07-19 10:02:22.52,False,False,False,0,False,0,ready,,0.0,,
Oven,2022-07-19 10:02:22.63,False,False,False,0,False,0,ready,,0.0,,
Oven,2022-07-19 10:02:22.73,False,False,False,0,False,0,ready,,0.0,,
Oven,2022-07-19 10:02:22.84,False,False,False,0,False,0,ready,,0.0,,
Oven,2022-07-19 10:02:22.94,False,False,False,0,False,0,ready,,0.0,,
Oven,2022-07-19 10:02:23.05,False,False,False,0,False,0,ready,,0.0,,
Oven,2022-07-19 10:02:23.15,False,False,False,0,False,0,ready,,0.0,,
Oven,2022-07-19 10:02:23.26,False,False,False,0,False,0,ready,,0.0,,
Oven,2022-07-19 10:02:23.36,False,False,False,0,False,0,ready,,0.0,,
Oven,2022-07-19 10:02:23.46,False,False,False,0,False,0,ready,,0.0,,
Oven,2022-07-19 10:02:23.57,False,False,False,0,False,0,ready,,0.0,,
Oven,2022-07-19 10:02:23.67,False,False,False,0,False,0,ready,,0.0,,
Oven,2022-07-19 10:02:23.77,False,False,False,0,False,0,ready,,0.0,,
Oven,2022-07-19 10:02:23.87,False,False,False,0,False,0,ready,,0.0,,
Oven,2022-07-19 10:02:23.97,False,False,False,0,False,0,ready,,0.0,,
Oven,2022-07-19 10:02:24.07,False,False,False,0,False,0,ready,,0.0,,
Oven,2022-07-19 10:02:24.18,False,False,False,0,False,0,ready,,0.0,,
Oven,2022-07-19 10:02:24.28,False,False,False,0,False,0,ready,,0.0,,
Oven,2022-07-19 10:02:24.39,False,False,False,0,False,0,ready,,0.0,,
Oven,2022-07-19 10:02:24.49,False,False,False,0,False,0,ready,,0.0,,
Oven,2022-07-19 10:02:24.60,False,False,False,0,False,0,ready,,0.0,,
Oven,2022-07-19 10:02:24.70,False,False,False,0,False,0,ready,,0.0,,
Oven,2022-07-19 10:02:24.80,False,False,False,0,False,0,ready,,0.0,,
Oven,2022-07-19 10:02:24.91,False,False,False,0,False,0,ready,,0.0,,
Oven,2022-07-19 10:02:25.01,False,False,False,0,False,0,ready,,0.0,,
Oven,2022-07-19 10:02:25.11,False,False,False,0,False,0,ready,,0.0,,
Oven,2022-07-19 10:02:25.21,False,False,False,0,False,0,ready,,0.0,,
Oven,2022-07-19 10:02:25.32,False,False,False,0,False,0,ready,,0.0,,
Oven,2022-07-19 10:02:25.42,False,False,False,0,False,0,ready,,0.0,,
Oven,2022-07-19 10:02:25.52,False,False,False,0,False,0,ready,,0.0,,
Oven,2022-07-19 10:02:25.63,False,False,False,0,False,0,ready,,0.0,,
Oven,2022-07-19 10:02:25.73,False,False,False,0,False,0,ready,,0.0,,
Oven,2022-07-19 10:02:25.83,False,False,False,0,False,0,ready,,0.0,,
Oven,2022-07-19 10:02:25.94,False,False,False,0,False,0,ready,,0.0,,
Oven,2022-07-19 10:02:26.04,False,False,False,0,False,0,ready,,0.0,,
Oven,2022-07-19 10:02:26.15,False,False,False,0,False,0,ready,,0.0,,
Oven,2022-07-19 10:02:26.25,False,False,False,0,False,0,ready,,0.0,,
Oven,2022-07-19 10:02:26.36,False,False,False,0,False,0,ready,,0.0,,
Oven,2022-07-19 10:02:26.46,False,False,False,0,False,0,ready,,0.0,,
Oven,2022-07-19 10:02:26.56,False,False,False,0,False,0,ready,,0.0,,
Oven,2022-07-19 10:02:26.67,False,False,False,0,False,0,ready,,0.0,,
Oven,2022-07-19 10:02:26.77,False,False,False,0,False,0,ready,,0.0,,
Oven,2022-07-19 10:02:26.87,False,False,False,0,False,0,ready,,0.0,,
Oven,2022-07-19 10:02:26.98,False,False,False,0,False,0,ready,,0.0,,
Oven,2022-07-19 10:02:27.08,False,False,False,0,False,0,ready,,0.0,,
Oven,2022-07-19 10:02:27.18,False,False,False,0,False,0,ready,,0.0,,
Oven,2022-07-19 10:02:27.28,False,False,False,0,False,0,ready,,0.0,,
Oven,2022-07-19 10:02:27.39,False,False,False,0,False,0,ready,,0.0,,
Oven,2022-07-19 10:02:27.49,False,False,False,0,False,0,ready,,0.0,,
Oven,2022-07-19 10:02:27.59,False,False,False,0,False,0,ready,,0.0,,
Oven,2022-07-19 10:02:27.70,False,False,False,0,False,0,ready,,0.0,,
Oven,2022-07-19 10:02:27.80,False,False,False,0,False,0,ready,,0.0,,
Oven,2022-07-19 10:02:27.91,False,False,False,0,False,0,ready,,0.0,,
Oven,2022-07-19 10:02:28.01,False,False,False,0,False,0,ready,,0.0,,
Oven,2022-07-19 10:02:28.12,False,False,False,0,False,0,ready,,0.0,,
Oven,2022-07-19 10:02:28.22,False,False,False,0,False,0,ready,,0.0,,
Oven,2022-07-19 10:02:28.33,False,False,False,0,False,0,ready,,0.0,,
Oven,2022-07-19 10:02:28.43,False,False,False,0,False,0,ready,,0.0,,
Oven,2022-07-19 10:02:28.53,False,False,False,0,False,0,ready,,0.0,,
Oven,2022-07-19 10:02:28.64,False,False,False,0,False,0,ready,,0.0,,
Oven,2022-07-19 10:02:28.74,False,False,False,0,False,0,ready,,0.0,,
Oven,2022-07-19 10:02:28.84,False,False,False,0,False,0,ready,,0.0,,
Oven,2022-07-19 10:02:28.94,False,False,False,0,False,0,ready,,0.0,,
Oven,2022-07-19 10:02:29.05,False,False,False,0,False,0,ready,,0.0,,
Oven,2022-07-19 10:02:29.15,False,False,False,0,False,0,ready,,0.0,,
Oven,2022-07-19 10:02:29.25,False,False,False,0,False,0,ready,,0.0,,
Oven,2022-07-19 10:02:29.36,False,False,False,0,False,0,ready,,0.0,,
Oven,2022-07-19 10:02:29.46,False,False,False,0,False,0,ready,,0.0,,
Oven,2022-07-19 10:02:29.57,False,False,False,0,False,0,ready,,0.0,,
Oven,2022-07-19 10:02:29.67,False,False,False,0,False,0,ready,,0.0,,
Oven,2022-07-19 10:02:29.77,False,False,False,0,False,0,ready,,0.0,,
Oven,2022-07-19 10:02:29.87,False,False,False,0,False,0,ready,,0.0,,
Oven,2022-07-19 10:02:29.98,False,False,False,0,False,0,ready,,0.0,,
Oven,2022-07-19 10:02:30.08,False,False,False,0,False,0,ready,,0.0,,
Oven,2022-07-19 10:02:30.19,False,False,False,0,False,0,ready,,0.0,,
Oven,2022-07-19 10:02:30.29,False,False,False,0,False,0,ready,,0.0,,
Oven,2022-07-19 10:02:30.39,False,False,False,0,False,0,ready,,0.0,,
Oven,2022-07-19 10:02:30.50,False,False,False,0,False,0,ready,,0.0,,
Oven,2022-07-19 10:02:30.60,False,False,False,0,False,0,ready,,0.0,,
Oven,2022-07-19 10:02:30.70,False,False,False,0,False,0,ready,,0.0,,
Oven,2022-07-19 10:02:30.81,False,False,False,0,False,0,ready,,0.0,,
Oven,2022-07-19 10:02:30.91,False,False,False,0,False,0,ready,,0.0,,
Oven,2022-07-19 10:02:31.01,False,False,False,0,False,0,ready,,0.0,,
Oven,2022-07-19 10:02:31.12,False,False,False,0,False,0,ready,,0.0,,
Oven,2022-07-19 10:02:31.22,False,False,False,0,False,0,ready,,0.0,,
Oven,2022-07-19 10:02:31.32,False,False,False,0,False,0,ready,,0.0,,
Oven,2022-07-19 10:02:31.43,False,False,False,0,False,0,ready,,0.0,,
Oven,2022-07-19 10:02:31.53,False,False,False,0,False,0,ready,,0.0,,
Oven,2022-07-19 10:02:31.63,False,False,False,0,False,0,ready,,0.0,,
Oven,2022-07-19 10:02:31.73,False,False,False,0,False,0,ready,,0.0,,
Oven,2022-07-19 10:02:31.83,False,False,False,0,False,0,ready,,0.0,,
Oven,2022-07-19 10:02:31.93,False,False,False,0,False,0,ready,,0.0,,
Oven,2022-07-19 10:02:32.04,False,False,False,0,False,0,ready,,0.0,,
Oven,2022-07-19 10:02:32.14,False,False,False,0,False,0,ready,,0.0,,
Oven,2022-07-19 10:02:32.25,False,False,False,0,False,0,ready,,0.0,,
Oven,2022-07-19 10:02:32.35,False,False,False,0,False,0,ready,,0.0,,
Oven,2022-07-19 10:02:32.45,False,False,False,0,False,0,ready,,0.0,,
Oven,2022-07-19 10:02:32.55,False,False,False,0,False,0,ready,,0.0,,
Oven,2022-07-19 10:02:32.66,False,False,False,0,False,0,ready,,0.0,,
Oven,2022-07-19 10:02:32.76,False,False,False,0,False,0,ready,,0.0,,
Oven,2022-07-19 10:02:32.86,False,False,False,0,False,0,ready,,0.0,,
Oven,2022-07-19 10:02:32.97,False,False,False,0,False,0,ready,,0.0,,
Oven,2022-07-19 10:02:33.07,False,False,False,0,False,0,ready,,0.0,,
Oven,2022-07-19 10:02:33.17,False,False,False,0,False,0,ready,,0.0,,
Oven,2022-07-19 10:02:33.28,False,False,False,0,False,0,ready,,0.0,,
Oven,2022-07-19 10:02:33.38,False,False,False,0,False,0,ready,,0.0,,
Oven,2022-07-19 10:02:33.49,False,False,False,0,False,0,ready,,0.0,,
Oven,2022-07-19 10:02:33.59,False,False,False,0,False,0,ready,,0.0,,
Oven,2022-07-19 10:02:33.69,False,False,False,0,False,0,ready,,0.0,,
Oven,2022-07-19 10:02:33.80,False,False,False,0,False,0,ready,,0.0,,
Oven,2022-07-19 10:02:33.90,False,False,False,0,False,0,ready,,0.0,,
Oven,2022-07-19 10:02:34.00,False,False,False,0,False,0,ready,,0.0,,
Oven,2022-07-19 10:02:34.10,False,False,False,0,False,0,ready,,0.0,,
Oven,2022-07-19 10:02:34.21,False,False,False,0,False,0,ready,,0.0,,
Oven,2022-07-19 10:02:34.31,False,False,False,0,False,0,ready,,0.0,,
Oven,2022-07-19 10:02:34.41,False,False,False,0,False,0,ready,,0.0,,
Oven,2022-07-19 10:02:34.52,False,False,False,0,False,0,ready,,0.0,,
Oven,2022-07-19 10:02:34.62,False,False,False,0,False,0,ready,,0.0,,
Oven,2022-07-19 10:02:34.73,False,False,False,0,False,0,ready,,0.0,,
Oven,2022-07-19 10:02:34.83,False,False,False,0,False,0,ready,,0.0,,
Oven,2022-07-19 10:02:34.93,False,False,False,0,False,0,ready,,0.0,,
Oven,2022-07-19 10:02:35.04,False,False,False,0,False,0,ready,,0.0,,
Oven,2022-07-19 10:02:35.14,False,False,False,0,False,0,ready,,0.0,,
Oven,2022-07-19 10:02:35.25,False,False,False,0,False,0,ready,,0.0,,
Oven,2022-07-19 10:02:35.35,False,False,False,0,False,0,ready,,0.0,,
Oven,2022-07-19 10:02:35.45,False,False,False,0,False,0,ready,,0.0,,
Oven,2022-07-19 10:02:35.56,False,False,False,0,False,0,ready,,0.0,,
Oven,2022-07-19 10:02:35.66,False,False,False,0,False,0,ready,,0.0,,
Oven,2022-07-19 10:02:35.76,False,False,False,0,False,0,ready,,0.0,,
Oven,2022-07-19 10:02:35.87,False,False,False,0,False,0,ready,,0.0,,
Oven,2022-07-19 10:02:35.97,False,False,False,0,False,0,ready,,0.0,,
Oven,2022-07-19 10:02:36.08,False,False,False,0,False,0,ready,,0.0,,
Oven,2022-07-19 10:02:36.18,False,False,False,0,False,0,ready,,0.0,,
Oven,2022-07-19 10:02:36.28,False,False,False,0,False,0,ready,,0.0,,
Oven,2022-07-19 10:02:36.38,False,False,False,0,False,0,ready,,0.0,,
Oven,2022-07-19 10:02:36.49,False,False,False,0,False,0,ready,,0.0,,
Oven,2022-07-19 10:02:36.59,False,False,False,0,False,0,ready,,0.0,,
Oven,2022-07-19 10:02:36.70,False,False,False,0,False,0,ready,,0.0,,
Oven,2022-07-19 10:02:36.80,False,False,False,0,False,0,ready,,0.0,,
Oven,2022-07-19 10:02:36.91,False,False,False,0,False,0,ready,,0.0,,
Oven,2022-07-19 10:02:37.01,False,False,False,0,False,0,ready,,0.0,,
Oven,2022-07-19 10:02:37.11,False,False,False,0,False,0,ready,,0.0,,
Oven,2022-07-19 10:02:37.22,False,False,False,0,False,0,ready,,0.0,,
Oven,2022-07-19 10:02:37.32,False,False,False,0,False,0,ready,,0.0,,
Oven,2022-07-19 10:02:37.42,False,False,False,0,False,0,ready,,0.0,,
Oven,2022-07-19 10:02:37.53,False,False,False,0,False,0,ready,,0.0,,
Oven,2022-07-19 10:02:37.63,False,False,False,0,False,0,ready,,0.0,,
Oven,2022-07-19 10:02:37.74,False,False,False,0,False,0,ready,,0.0,,
Oven,2022-07-19 10:02:37.84,False,False,False,0,False,0,ready,,0.0,,
Oven,2022-07-19 10:02:37.94,False,False,False,0,False,0,ready,,0.0,,
Oven,2022-07-19 10:02:38.04,False,False,False,0,False,0,ready,,0.0,,
Oven,2022-07-19 10:02:38.15,False,False,False,0,False,0,ready,,0.0,,
Oven,2022-07-19 10:02:38.25,False,False,False,0,False,0,ready,,0.0,,
Oven,2022-07-19 10:02:38.35,False,False,False,0,False,0,ready,,0.0,,
Oven,2022-07-19 10:02:38.46,False,False,False,0,False,0,ready,,0.0,,
Oven,2022-07-19 10:02:38.56,False,False,False,0,False,0,ready,,0.0,,
Oven,2022-07-19 10:02:38.67,False,False,False,0,False,0,ready,,0.0,,
Oven,2022-07-19 10:02:38.77,False,False,False,0,False,0,ready,,0.0,,
Oven,2022-07-19 10:02:38.87,False,False,False,0,False,0,ready,,0.0,,
Oven,2022-07-19 10:02:38.98,False,False,False,0,False,0,ready,,0.0,,
Oven,2022-07-19 10:02:39.08,False,False,False,0,False,0,ready,,0.0,,
Oven,2022-07-19 10:02:39.18,False,False,False,0,False,0,ready,,0.0,,
Oven,2022-07-19 10:02:39.28,False,False,False,0,False,0,ready,,0.0,,
Oven,2022-07-19 10:02:39.39,False,False,False,0,False,0,ready,,0.0,,
Oven,2022-07-19 10:02:39.49,False,False,False,0,False,0,ready,,0.0,,
Oven,2022-07-19 10:02:39.59,False,False,False,0,False,0,ready,,0.0,,
Oven,2022-07-19 10:02:39.70,False,False,False,0,False,0,ready,,0.0,,
Oven,2022-07-19 10:02:39.80,False,False,False,0,False,0,ready,,0.0,,
Oven,2022-07-19 10:02:39.91,False,False,False,0,False,0,ready,,0.0,,
Oven,2022-07-19 10:02:40.01,False,False,False,0,False,0,ready,,0.0,,
Oven,2022-07-19 10:02:40.11,False,False,False,0,False,0,ready,,0.0,,
Oven,2022-07-19 10:02:40.22,False,False,False,0,False,0,ready,,0.0,,
Oven,2022-07-19 10:02:40.32,False,False,False,0,False,0,ready,,0.0,,
Oven,2022-07-19 10:02:40.42,False,False,False,0,False,0,ready,,0.0,,
Oven,2022-07-19 10:02:40.53,False,False,False,0,False,0,ready,,0.0,,
Oven,2022-07-19 10:02:40.63,False,False,False,0,False,0,ready,,0.0,,
Oven,2022-07-19 10:02:40.74,False,False,False,0,False,0,ready,,0.0,,
Oven,2022-07-19 10:02:40.84,False,False,False,0,False,0,ready,,0.0,,
Oven,2022-07-19 10:02:40.95,False,False,False,0,False,0,ready,,0.0,,
Oven,2022-07-19 10:02:41.05,False,False,False,0,False,0,ready,,0.0,,
Oven,2022-07-19 10:02:41.15,False,False,False,0,False,0,ready,,0.0,,
Oven,2022-07-19 10:02:41.26,False,False,False,0,False,0,ready,,0.0,,
Oven,2022-07-19 10:02:41.36,False,False,False,0,False,0,ready,,0.0,,
Oven,2022-07-19 10:02:41.46,False,False,False,0,False,0,ready,,0.0,,
Oven,2022-07-19 10:02:41.57,False,False,False,0,False,0,ready,,0.0,,
Oven,2022-07-19 10:02:41.67,False,False,False,0,False,0,ready,,0.0,,
Oven,2022-07-19 10:02:41.77,False,False,False,0,False,0,ready,,0.0,,
Oven,2022-07-19 10:02:41.87,False,False,False,0,False,0,ready,,0.0,,
Oven,2022-07-19 10:02:41.98,False,False,False,0,False,0,ready,,0.0,,
Oven,2022-07-19 10:02:42.08,False,False,False,0,False,0,ready,,0.0,,
Oven,2022-07-19 10:02:42.19,False,False,False,0,False,0,ready,,0.0,,
Oven,2022-07-19 10:02:42.29,False,False,False,0,False,0,ready,,0.0,,
Oven,2022-07-19 10:02:42.39,False,False,False,0,False,0,ready,,0.0,,
Oven,2022-07-19 10:02:42.50,False,False,False,0,False,0,ready,,0.0,,
Oven,2022-07-19 10:02:42.60,False,False,False,0,False,0,ready,,0.0,,
Oven,2022-07-19 10:02:42.70,False,False,False,0,False,0,ready,,0.0,,
Oven,2022-07-19 10:02:42.81,False,False,False,0,False,0,ready,,0.0,,
Oven,2022-07-19 10:02:42.91,False,False,False,0,False,0,ready,,0.0,,
Oven,2022-07-19 10:02:43.01,False,False,False,0,False,0,ready,,0.0,,
Oven,2022-07-19 10:02:43.11,False,False,False,0,False,0,ready,,0.0,,
Oven,2022-07-19 10:02:43.22,False,False,False,0,False,0,ready,,0.0,,
Oven,2022-07-19 10:02:43.32,False,False,False,0,False,0,ready,,0.0,,
Oven,2022-07-19 10:02:43.43,False,False,False,0,False,0,ready,,0.0,,
Oven,2022-07-19 10:02:43.53,False,False,False,0,False,0,ready,,0.0,,
Oven,2022-07-19 10:02:43.63,False,False,False,0,False,0,ready,,0.0,,
Oven,2022-07-19 10:02:43.74,False,False,False,0,False,0,ready,,0.0,,
Oven,2022-07-19 10:02:43.84,False,False,False,0,False,0,ready,,0.0,,
Oven,2022-07-19 10:02:43.94,False,False,False,0,False,0,ready,,0.0,,
Oven,2022-07-19 10:02:44.05,False,False,False,0,False,0,ready,,0.0,,
Oven,2022-07-19 10:02:44.15,False,False,False,0,False,0,ready,,0.0,,
Oven,2022-07-19 10:02:44.25,False,False,False,0,False,0,ready,,0.0,,
Oven,2022-07-19 10:02:44.36,False,False,False,0,False,0,ready,,0.0,,
Oven,2022-07-19 10:02:44.46,False,False,False,0,False,0,ready,,0.0,,
Oven,2022-07-19 10:02:44.56,False,False,False,0,False,0,ready,,0.0,,
Oven,2022-07-19 10:02:44.66,False,False,False,0,False,0,ready,,0.0,,
Oven,2022-07-19 10:02:44.77,False,False,False,0,False,0,ready,,0.0,,
Oven,2022-07-19 10:02:44.87,False,False,False,0,False,0,ready,,0.0,,
Oven,2022-07-19 10:02:44.97,False,False,False,0,False,0,ready,,0.0,,
Oven,2022-07-19 10:02:45.08,False,False,False,0,False,0,ready,,0.0,,
Oven,2022-07-19 10:02:45.18,False,False,False,0,False,0,ready,,0.0,,
Oven,2022-07-19 10:02:45.28,False,False,False,0,False,0,ready,,0.0,,
Oven,2022-07-19 10:02:45.39,False,False,False,0,False,0,ready,,0.0,,
Oven,2022-07-19 10:02:45.49,False,False,False,0,False,0,ready,,0.0,,
Oven,2022-07-19 10:02:45.59,False,False,False,0,False,0,ready,,0.0,,
Oven,2022-07-19 10:02:45.70,False,False,False,0,False,0,ready,,0.0,,
Oven,2022-07-19 10:02:45.80,False,False,False,0,False,0,ready,,0.0,,
Oven,2022-07-19 10:02:45.91,False,False,False,0,False,0,ready,,0.0,,
Oven,2022-07-19 10:02:46.01,False,False,False,0,False,0,ready,,0.0,,
Oven,2022-07-19 10:02:46.12,False,False,False,0,False,0,ready,,0.0,,
Oven,2022-07-19 10:02:46.22,False,False,False,0,False,0,ready,,0.0,,
Oven,2022-07-19 10:02:46.32,False,False,False,0,False,0,ready,,0.0,,
Oven,2022-07-19 10:02:46.43,False,False,False,0,False,0,ready,,0.0,,
Oven,2022-07-19 10:02:46.53,False,False,False,0,False,0,ready,,0.0,,
Oven,2022-07-19 10:02:46.63,False,False,False,0,False,0,ready,,0.0,,
Oven,2022-07-19 10:02:46.73,False,False,False,0,False,0,ready,,0.0,,
Oven,2022-07-19 10:02:46.84,False,False,False,0,False,0,ready,,0.0,,
Oven,2022-07-19 10:02:46.94,False,False,False,0,False,0,ready,,0.0,,
Oven,2022-07-19 10:02:47.05,False,False,False,0,False,0,ready,,0.0,,
Oven,2022-07-19 10:02:47.15,False,False,False,0,False,0,ready,,0.0,,
Oven,2022-07-19 10:02:47.25,False,False,False,0,False,0,ready,,0.0,,
Oven,2022-07-19 10:02:47.36,False,False,False,0,False,0,ready,,0.0,,
Oven,2022-07-19 10:02:47.46,False,False,False,0,False,0,ready,,0.0,,
Oven,2022-07-19 10:02:47.57,False,False,False,0,False,0,ready,,0.0,,
Oven,2022-07-19 10:02:47.67,False,False,False,0,False,0,ready,,0.0,,
Oven,2022-07-19 10:02:47.77,False,False,False,0,False,0,ready,,0.0,,
Oven,2022-07-19 10:02:47.87,False,False,False,0,False,0,ready,,0.0,,
Oven,2022-07-19 10:02:47.98,False,False,False,0,False,0,ready,,0.0,,
Oven,2022-07-19 10:02:48.08,False,False,False,0,False,0,ready,,0.0,,
Oven,2022-07-19 10:02:48.18,False,False,False,0,False,0,ready,,0.0,,
Oven,2022-07-19 10:02:48.29,False,False,False,0,False,0,ready,,0.0,,
Oven,2022-07-19 10:02:48.39,False,False,False,0,False,0,ready,,0.0,,
Oven,2022-07-19 10:02:48.49,False,False,False,0,False,0,ready,,0.0,,
Oven,2022-07-19 10:02:48.60,False,False,False,0,False,0,ready,,0.0,,
Oven,2022-07-19 10:02:48.70,False,False,False,0,False,0,ready,,0.0,,
Oven,2022-07-19 10:02:48.80,False,False,False,0,False,0,ready,,0.0,,
Oven,2022-07-19 10:02:48.91,False,False,False,0,False,0,ready,,0.0,,
Oven,2022-07-19 10:02:49.01,False,False,False,0,False,0,ready,,0.0,,
Oven,2022-07-19 10:02:49.11,False,False,False,0,False,0,ready,,0.0,,
Oven,2022-07-19 10:02:49.22,False,False,False,0,False,0,ready,,0.0,,
Oven,2022-07-19 10:02:49.32,False,False,False,0,False,0,ready,,0.0,,
Oven,2022-07-19 10:02:49.42,False,False,False,0,False,0,ready,,0.0,,
Oven,2022-07-19 10:02:49.53,False,False,False,0,False,0,ready,,0.0,,
Oven,2022-07-19 10:02:49.63,False,False,False,0,False,0,ready,,0.0,,
Oven,2022-07-19 10:02:49.74,False,False,False,0,False,0,ready,,0.0,,
Oven,2022-07-19 10:02:49.84,False,False,False,0,False,0,ready,,0.0,,
Oven,2022-07-19 10:02:49.94,False,False,False,0,False,0,ready,,0.0,,
Oven,2022-07-19 10:02:50.05,False,False,False,0,False,0,ready,,0.0,,
Oven,2022-07-19 10:02:50.15,False,False,False,0,False,0,ready,,0.0,,
Oven,2022-07-19 10:02:50.25,False,False,False,0,False,0,ready,,0.0,,
Oven,2022-07-19 10:02:50.36,False,False,False,0,False,0,ready,,0.0,,
Oven,2022-07-19 10:02:50.46,False,False,False,0,False,0,ready,,0.0,,
Oven,2022-07-19 10:02:50.56,False,False,False,0,False,0,ready,,0.0,,
Oven,2022-07-19 10:02:50.66,False,False,False,0,False,0,ready,,0.0,,
Oven,2022-07-19 10:02:50.77,False,False,False,0,False,0,ready,,0.0,,
Oven,2022-07-19 10:02:50.87,False,False,False,0,False,0,ready,,0.0,,
Oven,2022-07-19 10:02:50.97,False,False,False,0,False,0,ready,,0.0,,
Oven,2022-07-19 10:02:51.08,False,False,False,0,False,0,ready,,0.0,,
Oven,2022-07-19 10:02:51.18,False,False,False,0,False,0,ready,,0.0,,
Oven,2022-07-19 10:02:51.28,False,False,False,0,False,0,ready,,0.0,,
Oven,2022-07-19 10:02:51.39,False,False,False,0,False,0,ready,,0.0,,
Oven,2022-07-19 10:02:51.49,False,False,False,0,False,0,ready,,0.0,,
Oven,2022-07-19 10:02:51.59,False,False,False,0,False,0,ready,,0.0,,
Oven,2022-07-19 10:02:51.70,False,False,False,0,False,0,ready,,0.0,,
Oven,2022-07-19 10:02:51.80,False,False,False,0,False,0,ready,,0.0,,
Oven,2022-07-19 10:02:51.90,False,False,False,0,False,0,ready,,0.0,,
Oven,2022-07-19 10:02:52.00,False,False,False,0,False,0,ready,,0.0,,
Oven,2022-07-19 10:02:52.11,False,False,False,0,False,0,ready,,0.0,,
Oven,2022-07-19 10:02:52.21,False,False,False,0,False,0,ready,,0.0,,
Oven,2022-07-19 10:02:52.31,False,False,False,0,False,0,ready,,0.0,,
Oven,2022-07-19 10:02:52.42,False,False,False,0,False,0,ready,,0.0,,
Oven,2022-07-19 10:02:52.52,False,False,False,0,False,0,ready,,0.0,,
Oven,2022-07-19 10:02:52.62,False,False,False,0,False,0,ready,,0.0,,
Oven,2022-07-19 10:02:52.73,False,False,False,0,False,0,ready,,0.0,,
Oven,2022-07-19 10:02:52.83,False,False,False,0,False,0,ready,,0.0,,
Oven,2022-07-19 10:02:52.93,False,False,False,0,False,0,ready,,0.0,,
Oven,2022-07-19 10:02:53.04,False,False,False,0,False,0,ready,,0.0,,
Oven,2022-07-19 10:02:53.14,False,False,False,0,False,0,ready,,0.0,,
Oven,2022-07-19 10:02:53.24,False,False,False,0,False,0,ready,,0.0,,
Oven,2022-07-19 10:02:53.35,False,False,False,0,False,0,ready,,0.0,,
Oven,2022-07-19 10:02:53.45,False,False,False,0,False,0,ready,,0.0,,
Oven,2022-07-19 10:02:53.56,False,False,False,0,False,0,ready,,0.0,,
Oven,2022-07-19 10:02:53.66,False,False,False,0,False,0,ready,,0.0,,
Oven,2022-07-19 10:02:53.77,False,False,False,0,False,0,ready,,0.0,,
Oven,2022-07-19 10:02:53.87,False,False,False,0,False,0,ready,,0.0,,
Oven,2022-07-19 10:02:53.97,False,False,True,0,False,512,not ready,burning the workpiece for 2 seconds,0.032445,opening the oven door,
Oven,2022-07-19 10:02:54.07,False,False,True,0,False,512,not ready,burning the workpiece for 2 seconds,0.136596,opening the oven door,
Oven,2022-07-19 10:02:54.17,False,False,True,0,False,512,not ready,burning the workpiece for 2 seconds,0.238417,opening the oven door,
Oven,2022-07-19 10:02:54.28,False,False,True,0,False,512,not ready,burning the workpiece for 2 seconds,0.341266,opening the oven door,
Oven,2022-07-19 10:02:54.38,False,False,True,0,False,512,not ready,burning the workpiece for 2 seconds,0.443911,opening the oven door,
Oven,2022-07-19 10:02:54.48,False,False,True,0,False,512,not ready,burning the workpiece for 2 seconds,0.545932,opening the oven door,
Oven,2022-07-19 10:02:54.59,False,False,True,0,False,512,not ready,burning the workpiece for 2 seconds,0.649736,opening the oven door,
Oven,2022-07-19 10:02:54.69,False,False,True,0,False,512,not ready,burning the workpiece for 2 seconds,0.75484,opening the oven door,
Oven,2022-07-19 10:02:54.79,False,False,True,0,False,512,not ready,burning the workpiece for 2 seconds,0.858901,opening the oven door,
Oven,2022-07-19 10:02:54.90,False,False,False,0,False,512,not ready,burning the workpiece for 2 seconds,0.963975,opening the oven door,
Oven,2022-07-19 10:02:55.00,False,False,False,0,False,512,not ready,burning the workpiece for 2 seconds,1.064761,opening the oven door,
Oven,2022-07-19 10:02:55.11,False,False,False,0,False,512,not ready,burning the workpiece for 2 seconds,1.169547,opening the oven door,
Oven,2022-07-19 10:02:55.21,False,False,False,0,False,512,not ready,burning the workpiece for 2 seconds,1.273031,opening the oven door,
Oven,2022-07-19 10:02:55.31,False,False,False,0,False,512,not ready,burning the workpiece for 2 seconds,1.378153,opening the oven door,
Oven,2022-07-19 10:02:55.42,False,False,False,0,False,512,not ready,burning the workpiece for 2 seconds,1.479458,opening the oven door,
Oven,2022-07-19 10:02:55.52,False,False,False,0,False,512,not ready,burning the workpiece for 2 seconds,1.579864,opening the oven door,
Oven,2022-07-19 10:02:55.62,False,False,False,0,False,512,not ready,burning the workpiece for 2 seconds,1.680788,opening the oven door,
Oven,2022-07-19 10:02:55.72,False,False,False,0,False,512,not ready,burning the workpiece for 2 seconds,1.785861,opening the oven door,
Oven,2022-07-19 10:02:55.83,False,False,False,0,False,512,not ready,burning the workpiece for 2 seconds,1.890003,opening the oven door,
Oven,2022-07-19 10:02:55.93,False,False,False,0,False,512,not ready,burning the workpiece for 2 seconds,1.994358,opening the oven door,
Oven,2022-07-19 10:02:56.03,False,False,False,0,False,512,not ready,burning the workpiece for 2 seconds,2.097424,opening the oven door,
Oven,2022-07-19 10:02:56.13,False,False,False,0,False,512,not ready,burning the workpiece for 2 seconds,2.198275,opening the oven door,
Oven,2022-07-19 10:02:56.24,False,False,False,0,False,512,not ready,burning the workpiece for 2 seconds,2.301106,opening the oven door,
Oven,2022-07-19 10:02:56.34,False,False,False,0,False,512,not ready,burning the workpiece for 2 seconds,2.403235,opening the oven door,
Oven,2022-07-19 10:02:56.44,False,False,False,0,False,512,not ready,burning the workpiece for 2 seconds,2.505006,opening the oven door,
Oven,2022-07-19 10:02:56.55,False,False,False,0,False,512,not ready,burning the workpiece for 2 seconds,2.610112,opening the oven door,
Oven,2022-07-19 10:02:56.65,False,False,False,0,False,512,not ready,burning the workpiece for 2 seconds,2.715247,opening the oven door,
Oven,2022-07-19 10:02:56.76,False,False,False,0,False,512,not ready,burning the workpiece for 2 seconds,2.819578,opening the oven door,
Oven,2022-07-19 10:02:56.86,False,False,False,0,False,512,not ready,burning the workpiece for 2 seconds,2.921095,opening the oven door,
Oven,2022-07-19 10:02:56.97,False,False,False,-512,True,512,not ready,burning the workpiece for 2 seconds,3.030022,transporting the workpiece to the inside of the oven,
Oven,2022-07-19 10:02:57.09,False,False,False,-512,True,512,not ready,burning the workpiece for 2 seconds,3.153796,transporting the workpiece to the inside of the oven,
Oven,2022-07-19 10:02:57.21,False,False,False,-512,True,512,not ready,burning the workpiece for 2 seconds,3.276351,transporting the workpiece to the inside of the oven,
Oven,2022-07-19 10:02:57.33,False,False,False,-512,True,512,not ready,burning the workpiece for 2 seconds,3.397959,transporting the workpiece to the inside of the oven,
Oven,2022-07-19 10:02:57.47,False,False,False,-512,True,512,not ready,burning the workpiece for 2 seconds,3.533208,transporting the workpiece to the inside of the oven,
Oven,2022-07-19 10:02:57.59,False,False,False,-512,True,512,not ready,burning the workpiece for 2 seconds,3.654586,transporting the workpiece to the inside of the oven,
Oven,2022-07-19 10:02:57.71,False,False,False,-512,True,512,not ready,burning the workpiece for 2 seconds,3.778697,transporting the workpiece to the inside of the oven,
Oven,2022-07-19 10:02:57.83,False,False,False,-512,True,512,not ready,burning the workpiece for 2 seconds,3.894345,transporting the workpiece to the inside of the oven,
Oven,2022-07-19 10:02:57.94,False,False,False,-512,True,512,not ready,burning the workpiece for 2 seconds,4.005775,transporting the workpiece to the inside of the oven,
Oven,2022-07-19 10:02:58.07,False,False,False,-512,True,512,not ready,burning the workpiece for 2 seconds,4.129501,transporting the workpiece to the inside of the oven,
Oven,2022-07-19 10:02:58.20,False,False,False,-512,True,512,not ready,burning the workpiece for 2 seconds,4.26396,transporting the workpiece to the inside of the oven,
Oven,2022-07-19 10:02:58.32,False,False,False,-512,True,512,not ready,burning the workpiece for 2 seconds,4.382978,transporting the workpiece to the inside of the oven,
Oven,2022-07-19 10:02:58.45,False,False,False,-512,True,512,not ready,burning the workpiece for 2 seconds,4.510989,transporting the workpiece to the inside of the oven,
Oven,2022-07-19 10:02:58.59,False,False,False,-512,True,512,not ready,burning the workpiece for 2 seconds,4.657041,transporting the workpiece to the inside of the oven,
Oven,2022-07-19 10:02:58.71,False,False,False,-512,True,512,not ready,burning the workpiece for 2 seconds,4.777125,transporting the workpiece to the inside of the oven,
Oven,2022-07-19 10:02:58.84,False,False,False,-512,True,512,not ready,burning the workpiece for 2 seconds,4.902458,transporting the workpiece to the inside of the oven,
Oven,2022-07-19 10:02:58.96,False,False,False,-512,True,512,not ready,burning the workpiece for 2 seconds,5.024629,transporting the workpiece to the inside of the oven,
Oven,2022-07-19 10:02:59.08,False,False,False,-512,True,512,not ready,burning the workpiece for 2 seconds,5.148476,transporting the workpiece to the inside of the oven,
Oven,2022-07-19 10:02:59.19,False,False,False,-512,True,512,not ready,burning the workpiece for 2 seconds,5.257725,transporting the workpiece to the inside of the oven,
Oven,2022-07-19 10:02:59.32,False,False,False,-512,True,512,not ready,burning the workpiece for 2 seconds,5.38059,transporting the workpiece to the inside of the oven,
Oven,2022-07-19 10:02:59.43,False,False,False,-512,True,512,not ready,burning the workpiece for 2 seconds,5.49385,transporting the workpiece to the inside of the oven,
Oven,2022-07-19 10:02:59.56,True,False,False,0,False,0,not ready,burning the workpiece for 2 seconds,5.623266,burning the workpiece for 2 seconds,
Oven,2022-07-19 10:02:59.66,True,False,False,0,False,0,not ready,burning the workpiece for 2 seconds,5.726863,burning the workpiece for 2 seconds,
Oven,2022-07-19 10:02:59.77,True,False,False,0,False,0,not ready,burning the workpiece for 2 seconds,5.831911,burning the workpiece for 2 seconds,
Oven,2022-07-19 10:02:59.87,True,False,False,0,False,0,not ready,burning the workpiece for 2 seconds,5.935402,burning the workpiece for 2 seconds,
Oven,2022-07-19 10:02:59.97,True,False,False,0,False,0,not ready,burning the workpiece for 2 seconds,6.038108,burning the workpiece for 2 seconds,
Oven,2022-07-19 10:03:00.08,True,False,False,0,False,0,not ready,burning the workpiece for 2 seconds,6.142171,burning the workpiece for 2 seconds,
Oven,2022-07-19 10:03:00.18,True,False,False,0,False,0,not ready,burning the workpiece for 2 seconds,6.24248,burning the workpiece for 2 seconds,
Oven,2022-07-19 10:03:00.28,True,False,False,0,False,0,not ready,burning the workpiece for 2 seconds,6.345521,burning the workpiece for 2 seconds,
Oven,2022-07-19 10:03:00.38,True,False,False,0,False,0,not ready,burning the workpiece for 2 seconds,6.448715,burning the workpiece for 2 seconds,
Oven,2022-07-19 10:03:00.49,True,False,False,0,False,0,not ready,burning the workpiece for 2 seconds,6.550843,burning the workpiece for 2 seconds,
Oven,2022-07-19 10:03:00.59,True,False,False,0,False,0,not ready,burning the workpiece for 2 seconds,6.655708,burning the workpiece for 2 seconds,
Oven,2022-07-19 10:03:00.70,True,False,False,0,False,0,not ready,burning the workpiece for 2 seconds,6.760835,burning the workpiece for 2 seconds,
Oven,2022-07-19 10:03:00.80,True,False,False,0,False,0,not ready,burning the workpiece for 2 seconds,6.865424,burning the workpiece for 2 seconds,
Oven,2022-07-19 10:03:00.91,True,False,False,0,False,0,not ready,burning the workpiece for 2 seconds,6.970342,burning the workpiece for 2 seconds,
Oven,2022-07-19 10:03:01.01,True,False,False,0,False,0,not ready,burning the workpiece for 2 seconds,7.073823,burning the workpiece for 2 seconds,
Oven,2022-07-19 10:03:01.11,True,False,False,0,False,0,not ready,burning the workpiece for 2 seconds,7.177182,burning the workpiece for 2 seconds,
Oven,2022-07-19 10:03:01.22,True,False,False,0,False,0,not ready,burning the workpiece for 2 seconds,7.279329,burning the workpiece for 2 seconds,
Oven,2022-07-19 10:03:01.32,True,False,False,0,False,0,not ready,burning the workpiece for 2 seconds,7.382279,burning the workpiece for 2 seconds,
Oven,2022-07-19 10:03:01.42,True,False,False,0,False,0,not ready,burning the workpiece for 2 seconds,7.484511,burning the workpiece for 2 seconds,
Oven,2022-07-19 10:03:01.53,True,False,False,0,False,512,not ready,burning the workpiece for 2 seconds,7.589591,opening the oven door,
Oven,2022-07-19 10:03:01.63,True,False,False,0,False,512,not ready,burning the workpiece for 2 seconds,7.694229,opening the oven door,
Oven,2022-07-19 10:03:01.74,True,False,False,0,False,512,not ready,burning the workpiece for 2 seconds,7.799359,opening the oven door,
Oven,2022-07-19 10:03:01.84,True,False,False,0,False,512,not ready,burning the workpiece for 2 seconds,7.900919,opening the oven door,
Oven,2022-07-19 10:03:01.94,True,False,False,0,False,512,not ready,burning the workpiece for 2 seconds,8.005854,opening the oven door,
Oven,2022-07-19 10:03:02.04,True,False,False,0,False,512,not ready,burning the workpiece for 2 seconds,8.107982,opening the oven door,
Oven,2022-07-19 10:03:02.15,True,False,False,0,False,512,not ready,burning the workpiece for 2 seconds,8.211426,opening the oven door,
Oven,2022-07-19 10:03:02.25,True,False,False,0,False,512,not ready,burning the workpiece for 2 seconds,8.315996,opening the oven door,
Oven,2022-07-19 10:03:02.36,True,False,False,0,False,512,not ready,burning the workpiece for 2 seconds,8.421142,opening the oven door,
Oven,2022-07-19 10:03:02.46,True,False,False,0,False,512,not ready,burning the workpiece for 2 seconds,8.523579,opening the oven door,
Oven,2022-07-19 10:03:02.56,True,False,False,0,False,512,not ready,burning the workpiece for 2 seconds,8.627222,opening the oven door,
Oven,2022-07-19 10:03:02.67,True,False,False,0,False,512,not ready,burning the workpiece for 2 seconds,8.732375,opening the oven door,
Oven,2022-07-19 10:03:02.77,True,False,False,0,False,512,not ready,burning the workpiece for 2 seconds,8.836674,opening the oven door,
Oven,2022-07-19 10:03:02.88,True,False,False,0,False,512,not ready,burning the workpiece for 2 seconds,8.941119,opening the oven door,
Oven,2022-07-19 10:03:02.98,True,False,False,0,False,512,not ready,burning the workpiece for 2 seconds,9.04202,opening the oven door,
Oven,2022-07-19 10:03:03.08,True,False,False,0,False,512,not ready,burning the workpiece for 2 seconds,9.145166,opening the oven door,
Oven,2022-07-19 10:03:03.18,True,False,False,0,False,512,not ready,burning the workpiece for 2 seconds,9.245958,opening the oven door,
Oven,2022-07-19 10:03:03.29,True,False,False,0,False,512,not ready,burning the workpiece for 2 seconds,9.350086,opening the oven door,
Oven,2022-07-19 10:03:03.39,True,False,False,0,False,512,not ready,burning the workpiece for 2 seconds,9.455017,opening the oven door,
Oven,2022-07-19 10:03:03.49,True,False,False,0,False,512,not ready,burning the workpiece for 2 seconds,9.557686,opening the oven door,
Oven,2022-07-19 10:03:03.60,True,False,False,0,False,512,not ready,burning the workpiece for 2 seconds,9.662774,opening the oven door,
Oven,2022-07-19 10:03:03.70,True,False,False,0,False,512,not ready,burning the workpiece for 2 seconds,9.767868,opening the oven door,
Oven,2022-07-19 10:03:03.81,True,False,False,0,False,512,not ready,burning the workpiece for 2 seconds,9.872985,opening the oven door,
Oven,2022-07-19 10:03:03.91,True,False,False,0,False,512,not ready,burning the workpiece for 2 seconds,9.97731,opening the oven door,
Oven,2022-07-19 10:03:04.02,True,False,False,0,False,512,not ready,burning the workpiece for 2 seconds,10.082405,opening the oven door,
Oven,2022-07-19 10:03:04.12,True,False,False,0,False,512,not ready,burning the workpiece for 2 seconds,10.187084,opening the oven door,
Oven,2022-07-19 10:03:04.23,True,False,False,0,False,512,not ready,burning the workpiece for 2 seconds,10.292167,opening the oven door,
Oven,2022-07-19 10:03:04.33,True,False,False,0,False,512,not ready,burning the workpiece for 2 seconds,10.397311,opening the oven door,
Oven,2022-07-19 10:03:04.44,True,False,False,0,False,512,not ready,burning the workpiece for 2 seconds,10.502408,opening the oven door,
Oven,2022-07-19 10:03:04.55,True,False,False,512,True,512,not ready,burning the workpiece for 2 seconds,10.61358,transporting the workpiece to the outside of the oven,
Oven,2022-07-19 10:03:04.68,True,False,False,512,True,512,not ready,burning the workpiece for 2 seconds,10.745163,transporting the workpiece to the outside of the oven,
Oven,2022-07-19 10:03:04.79,False,False,False,512,True,512,not ready,burning the workpiece for 2 seconds,10.857708,transporting the workpiece to the outside of the oven,
Oven,2022-07-19 10:03:04.92,False,False,False,512,True,512,not ready,burning the workpiece for 2 seconds,10.983542,transporting the workpiece to the outside of the oven,
Oven,2022-07-19 10:03:05.04,False,False,False,512,True,512,not ready,burning the workpiece for 2 seconds,11.101816,transporting the workpiece to the outside of the oven,
Oven,2022-07-19 10:03:05.15,False,False,False,512,True,512,not ready,burning the workpiece for 2 seconds,11.212268,transporting the workpiece to the outside of the oven,
Oven,2022-07-19 10:03:05.27,False,False,False,512,True,512,not ready,burning the workpiece for 2 seconds,11.334619,transporting the workpiece to the outside of the oven,
Oven,2022-07-19 10:03:05.42,False,False,False,512,True,512,not ready,burning the workpiece for 2 seconds,11.480099,transporting the workpiece to the outside of the oven,
Oven,2022-07-19 10:03:05.55,False,False,False,512,True,512,not ready,burning the workpiece for 2 seconds,11.610347,transporting the workpiece to the outside of the oven,
Oven,2022-07-19 10:03:05.67,False,False,False,512,True,512,not ready,burning the workpiece for 2 seconds,11.735405,transporting the workpiece to the outside of the oven,
Oven,2022-07-19 10:03:05.80,False,False,False,512,True,512,not ready,burning the workpiece for 2 seconds,11.860659,transporting the workpiece to the outside of the oven,
Oven,2022-07-19 10:03:05.93,False,False,False,512,True,512,not ready,burning the workpiece for 2 seconds,11.996069,transporting the workpiece to the outside of the oven,
Oven,2022-07-19 10:03:06.06,False,False,False,512,True,512,not ready,burning the workpiece for 2 seconds,12.12605,transporting the workpiece to the outside of the oven,
Oven,2022-07-19 10:03:06.19,False,False,False,512,True,512,not ready,burning the workpiece for 2 seconds,12.254664,transporting the workpiece to the outside of the oven,
Oven,2022-07-19 10:03:06.32,False,False,False,512,True,512,not ready,burning the workpiece for 2 seconds,12.380553,transporting the workpiece to the outside of the oven,
Oven,2022-07-19 10:03:06.43,False,False,False,512,True,512,not ready,burning the workpiece for 2 seconds,12.490951,transporting the workpiece to the outside of the oven,
Oven,2022-07-19 10:03:06.55,False,False,False,512,True,512,not ready,burning the workpiece for 2 seconds,12.613225,transporting the workpiece to the outside of the oven,
Oven,2022-07-19 10:03:06.67,False,False,False,512,True,512,not ready,burning the workpiece for 2 seconds,12.736634,transporting the workpiece to the outside of the oven,
Oven,2022-07-19 10:03:06.80,False,False,False,512,True,512,not ready,burning the workpiece for 2 seconds,12.859541,transporting the workpiece to the outside of the oven,
Oven,2022-07-19 10:03:06.91,False,False,False,512,True,512,not ready,burning the workpiece for 2 seconds,12.972231,transporting the workpiece to the outside of the oven,
Oven,2022-07-19 10:03:07.04,False,False,False,512,True,512,not ready,burning the workpiece for 2 seconds,13.105702,transporting the workpiece to the outside of the oven,
Oven,2022-07-19 10:03:07.17,False,False,False,512,True,512,not ready,burning the workpiece for 2 seconds,13.229762,transporting the workpiece to the outside of the oven,
Oven,2022-07-19 10:03:07.28,False,False,False,512,True,512,not ready,burning the workpiece for 2 seconds,13.34877,transporting the workpiece to the outside of the oven,
Oven,2022-07-19 10:03:07.40,False,True,False,-512,False,0,not ready,burning the workpiece for 2 seconds,13.460138,transporting the workpiece to the outside of the oven,
Oven,2022-07-19 10:03:07.50,False,True,False,-512,False,0,not ready,burning the workpiece for 2 seconds,13.56525,transporting the workpiece to the outside of the oven,
Oven,2022-07-19 10:03:07.60,False,False,False,-512,False,0,not ready,burning the workpiece for 2 seconds,13.667994,transporting the workpiece to the outside of the oven,
Oven,2022-07-19 10:03:07.71,False,False,False,0,False,0,ready,,0.0,,
Oven,2022-07-19 10:03:07.81,False,False,False,0,False,0,ready,,0.0,,
Oven,2022-07-19 10:03:07.92,False,False,False,0,False,0,ready,,0.0,,
Oven,2022-07-19 10:03:08.02,False,False,False,0,False,0,ready,,0.0,,
Oven,2022-07-19 10:03:08.13,False,False,False,0,False,0,ready,,0.0,,
Oven,2022-07-19 10:03:08.23,False,False,False,0,False,0,ready,,0.0,,
Oven,2022-07-19 10:03:08.34,False,False,False,0,False,0,ready,,0.0,,
Oven,2022-07-19 10:03:08.44,False,False,False,0,False,0,ready,,0.0,,
Oven,2022-07-19 10:03:08.54,False,False,False,0,False,0,ready,,0.0,,
Oven,2022-07-19 10:03:08.65,False,False,False,0,False,0,ready,,0.0,,
Oven,2022-07-19 10:03:08.75,False,False,False,0,False,0,ready,,0.0,,
Oven,2022-07-19 10:03:08.86,False,False,False,0,False,0,ready,,0.0,,
Oven,2022-07-19 10:03:08.96,False,False,False,0,False,0,ready,,0.0,,
Oven,2022-07-19 10:03:09.07,False,False,False,0,False,0,ready,,0.0,,
Oven,2022-07-19 10:03:09.17,False,False,False,0,False,0,ready,,0.0,,
Oven,2022-07-19 10:03:09.27,False,False,False,0,False,0,ready,,0.0,,
Oven,2022-07-19 10:03:09.37,False,False,False,0,False,0,ready,,0.0,,
Oven,2022-07-19 10:03:09.47,False,False,False,0,False,0,ready,,0.0,,
Oven,2022-07-19 10:03:09.58,False,False,False,0,False,0,ready,,0.0,,
Oven,2022-07-19 10:03:09.68,False,False,False,0,False,0,ready,,0.0,,
Oven,2022-07-19 10:03:09.79,False,False,False,0,False,0,ready,,0.0,,
Oven,2022-07-19 10:03:09.89,False,False,False,0,False,0,ready,,0.0,,
Oven,2022-07-19 10:03:10.00,False,False,False,0,False,0,ready,,0.0,,
Oven,2022-07-19 10:03:10.10,False,False,False,0,False,0,ready,,0.0,,
Oven,2022-07-19 10:03:10.20,False,False,False,0,False,0,ready,,0.0,,
Oven,2022-07-19 10:03:10.31,False,False,False,0,False,0,ready,,0.0,,
Oven,2022-07-19 10:03:10.41,False,False,False,0,False,0,ready,,0.0,,
Oven,2022-07-19 10:03:10.52,False,False,False,0,False,0,ready,,0.0,,
Oven,2022-07-19 10:03:10.62,False,False,False,0,False,0,ready,,0.0,,
Oven,2022-07-19 10:03:10.72,False,False,False,0,False,0,ready,,0.0,,
Oven,2022-07-19 10:03:10.83,False,False,False,0,False,0,ready,,0.0,,
Oven,2022-07-19 10:03:10.93,False,False,False,0,False,0,ready,,0.0,,
Oven,2022-07-19 10:03:11.04,False,False,False,0,False,0,ready,,0.0,,
Oven,2022-07-19 10:03:11.14,False,False,False,0,False,0,ready,,0.0,,
Oven,2022-07-19 10:03:11.24,False,False,False,0,False,0,ready,,0.0,,
Oven,2022-07-19 10:03:11.35,False,False,False,0,False,0,ready,,0.0,,
Oven,2022-07-19 10:03:11.45,False,False,False,0,False,0,ready,,0.0,,
Oven,2022-07-19 10:03:11.56,False,False,False,0,False,0,ready,,0.0,,
Oven,2022-07-19 10:03:11.66,False,False,False,0,False,0,ready,,0.0,,
Oven,2022-07-19 10:03:11.77,False,False,False,0,False,0,ready,,0.0,,
Oven,2022-07-19 10:03:11.87,False,False,False,0,False,0,ready,,0.0,,
Oven,2022-07-19 10:03:11.98,False,False,False,0,False,0,ready,,0.0,,
Oven,2022-07-19 10:03:12.08,False,False,False,0,False,0,ready,,0.0,,
Oven,2022-07-19 10:03:12.18,False,False,False,0,False,0,ready,,0.0,,
Oven,2022-07-19 10:03:12.29,False,False,False,0,False,0,ready,,0.0,,
Oven,2022-07-19 10:03:12.39,False,False,False,0,False,0,ready,,0.0,,
Oven,2022-07-19 10:03:12.50,False,False,False,0,False,0,ready,,0.0,,
Oven,2022-07-19 10:03:12.60,False,False,False,0,False,0,ready,,0.0,,
Oven,2022-07-19 10:03:12.70,False,False,False,0,False,0,ready,,0.0,,
Oven,2022-07-19 10:03:12.80,False,False,False,0,False,0,ready,,0.0,,
Oven,2022-07-19 10:03:12.91,False,False,False,0,False,0,ready,,0.0,,
Oven,2022-07-19 10:03:13.01,False,False,False,0,False,0,ready,,0.0,,
Oven,2022-07-19 10:03:13.11,False,False,False,0,False,0,ready,,0.0,,
Oven,2022-07-19 10:03:13.22,False,False,False,0,False,0,ready,,0.0,,
Oven,2022-07-19 10:03:13.32,False,False,False,0,False,0,ready,,0.0,,
Oven,2022-07-19 10:03:13.43,False,False,False,0,False,0,ready,,0.0,,
Oven,2022-07-19 10:03:13.53,False,False,False,0,False,0,ready,,0.0,,
Oven,2022-07-19 10:03:13.63,False,False,False,0,False,0,ready,,0.0,,
Oven,2022-07-19 10:03:13.73,False,False,False,0,False,0,ready,,0.0,,
Oven,2022-07-19 10:03:13.84,False,False,False,0,False,0,ready,,0.0,,
Oven,2022-07-19 10:03:13.94,False,False,False,0,False,0,ready,,0.0,,
Oven,2022-07-19 10:03:14.05,False,False,False,0,False,0,ready,,0.0,,
Oven,2022-07-19 10:03:14.15,False,False,False,0,False,0,ready,,0.0,,
Oven,2022-07-19 10:03:14.25,False,False,False,0,False,0,ready,,0.0,,
Oven,2022-07-19 10:03:14.36,False,False,False,0,False,0,ready,,0.0,,
Oven,2022-07-19 10:03:14.46,False,False,False,0,False,0,ready,,0.0,,
Oven,2022-07-19 10:03:14.57,False,False,False,0,False,0,ready,,0.0,,
Oven,2022-07-19 10:03:14.67,False,False,False,0,False,0,ready,,0.0,,
Oven,2022-07-19 10:03:14.77,False,False,False,0,False,0,ready,,0.0,,
Oven,2022-07-19 10:03:14.88,False,False,False,0,False,0,ready,,0.0,,
Oven,2022-07-19 10:03:14.98,False,False,False,0,False,0,ready,,0.0,,
Oven,2022-07-19 10:03:15.08,False,False,False,0,False,0,ready,,0.0,,
Oven,2022-07-19 10:03:15.18,False,False,False,0,False,0,ready,,0.0,,
Oven,2022-07-19 10:03:15.29,False,False,False,0,False,0,ready,,0.0,,
Oven,2022-07-19 10:03:15.39,False,False,False,0,False,0,ready,,0.0,,
Oven,2022-07-19 10:03:15.49,False,False,False,0,False,0,ready,,0.0,,
Oven,2022-07-19 10:03:15.60,False,False,False,0,False,0,ready,,0.0,,
Oven,2022-07-19 10:03:15.70,False,False,False,0,False,0,ready,,0.0,,
Oven,2022-07-19 10:03:15.80,False,False,False,0,False,0,ready,,0.0,,
Oven,2022-07-19 10:03:15.90,False,False,False,0,False,0,ready,,0.0,,
Oven,2022-07-19 10:03:16.01,False,False,False,0,False,0,ready,,0.0,,
Oven,2022-07-19 10:03:16.11,False,False,False,0,False,0,ready,,0.0,,
Oven,2022-07-19 10:03:16.21,False,False,False,0,False,0,ready,,0.0,,
Oven,2022-07-19 10:03:16.31,False,False,False,0,False,0,ready,,0.0,,
Oven,2022-07-19 10:03:16.42,False,False,False,0,False,0,ready,,0.0,,
Oven,2022-07-19 10:03:16.52,False,False,True,0,False,0,ready,,0.0,,
Oven,2022-07-19 10:03:16.63,False,False,True,0,False,0,ready,,0.0,,
Oven,2022-07-19 10:03:16.73,False,False,True,0,False,0,ready,,0.0,,
Oven,2022-07-19 10:03:16.84,False,False,True,0,False,0,ready,,0.0,,
Oven,2022-07-19 10:03:16.94,False,False,True,0,False,0,ready,,0.0,,
Oven,2022-07-19 10:03:17.04,False,False,True,0,False,0,ready,,0.0,,
Oven,2022-07-19 10:03:17.14,False,False,True,0,False,0,ready,,0.0,,
Oven,2022-07-19 10:03:17.24,False,False,True,0,False,0,ready,,0.0,,
Oven,2022-07-19 10:03:17.35,False,False,True,0,False,0,ready,,0.0,,
Oven,2022-07-19 10:03:17.45,False,False,True,0,False,0,ready,,0.0,,
Oven,2022-07-19 10:03:17.55,False,False,True,0,False,0,ready,,0.0,,
Oven,2022-07-19 10:03:17.65,False,False,True,0,False,0,ready,,0.0,,
Oven,2022-07-19 10:03:17.75,False,False,True,0,False,0,ready,,0.0,,
Oven,2022-07-19 10:03:17.86,False,False,True,0,False,0,ready,,0.0,,
Oven,2022-07-19 10:03:17.96,False,False,True,0,False,0,ready,,0.0,,
Oven,2022-07-19 10:03:18.06,False,False,False,0,False,0,ready,,0.0,,
Oven,2022-07-19 10:03:18.17,False,False,False,0,False,0,ready,,0.0,,
Oven,2022-07-19 10:03:18.27,False,False,False,0,False,0,ready,,0.0,,
Oven,2022-07-19 10:03:18.37,False,False,False,0,False,0,ready,,0.0,,
Oven,2022-07-19 10:03:18.48,False,False,False,0,False,0,ready,,0.0,,
Oven,2022-07-19 10:03:18.58,False,False,False,0,False,0,ready,,0.0,,
Oven,2022-07-19 10:03:18.69,False,False,False,0,False,0,ready,,0.0,,
Oven,2022-07-19 10:03:18.79,False,False,False,0,False,0,ready,,0.0,,
Oven,2022-07-19 10:03:18.90,False,False,False,0,False,0,ready,,0.0,,
Oven,2022-07-19 10:03:19.00,False,False,False,0,False,0,ready,,0.0,,
Oven,2022-07-19 10:03:19.11,False,False,False,0,False,0,ready,,0.0,,
Oven,2022-07-19 10:03:19.21,False,False,False,0,False,0,ready,,0.0,,
Oven,2022-07-19 10:03:19.32,False,False,False,0,False,0,ready,,0.0,,
Oven,2022-07-19 10:03:19.42,False,False,False,0,False,0,ready,,0.0,,
Oven,2022-07-19 10:03:19.52,False,False,False,0,False,0,ready,,0.0,,
Oven,2022-07-19 10:03:19.63,False,False,False,0,False,0,ready,,0.0,,
Oven,2022-07-19 10:03:19.73,False,False,False,0,False,0,ready,,0.0,,
Oven,2022-07-19 10:03:19.83,False,False,False,0,False,0,ready,,0.0,,
Oven,2022-07-19 10:03:19.93,False,False,False,0,False,0,ready,,0.0,,
Oven,2022-07-19 10:03:20.04,False,False,False,0,False,0,ready,,0.0,,
Oven,2022-07-19 10:03:20.14,False,False,False,0,False,0,ready,,0.0,,
Oven,2022-07-19 10:03:20.25,False,False,False,0,False,0,ready,,0.0,,
Oven,2022-07-19 10:03:20.35,False,False,False,0,False,0,ready,,0.0,,
Oven,2022-07-19 10:03:20.46,False,False,False,0,False,0,ready,,0.0,,
Oven,2022-07-19 10:03:20.56,False,False,False,0,False,0,ready,,0.0,,
Oven,2022-07-19 10:03:20.67,False,False,False,0,False,0,ready,,0.0,,
Oven,2022-07-19 10:03:20.77,False,False,False,0,False,0,ready,,0.0,,
Oven,2022-07-19 10:03:20.87,False,False,False,0,False,0,ready,,0.0,,
Oven,2022-07-19 10:03:20.98,False,False,False,0,False,0,ready,,0.0,,
Oven,2022-07-19 10:03:21.08,False,False,False,0,False,0,ready,,0.0,,
Oven,2022-07-19 10:03:21.18,False,False,False,0,False,0,ready,,0.0,,
Oven,2022-07-19 10:03:21.28,False,False,False,0,False,0,ready,,0.0,,
Oven,2022-07-19 10:03:21.38,False,False,False,0,False,0,ready,,0.0,,
Oven,2022-07-19 10:03:21.49,False,False,False,0,False,0,ready,,0.0,,
Oven,2022-07-19 10:03:21.59,False,False,False,0,False,0,ready,,0.0,,
Oven,2022-07-19 10:03:21.70,False,False,False,0,False,0,ready,,0.0,,
Oven,2022-07-19 10:03:21.80,False,False,False,0,False,0,ready,,0.0,,
Oven,2022-07-19 10:03:21.91,False,False,False,0,False,0,ready,,0.0,,
Oven,2022-07-19 10:03:22.01,False,False,False,0,False,0,ready,,0.0,,
Oven,2022-07-19 10:03:22.12,False,False,False,0,False,0,ready,,0.0,,
Oven,2022-07-19 10:03:22.22,False,False,False,0,False,0,ready,,0.0,,
Oven,2022-07-19 10:03:22.33,False,False,False,0,False,0,ready,,0.0,,
Oven,2022-07-19 10:03:22.43,False,False,False,0,False,0,ready,,0.0,,
Oven,2022-07-19 10:03:22.54,False,False,False,0,False,0,ready,,0.0,,
Oven,2022-07-19 10:03:22.64,False,False,False,0,False,0,ready,,0.0,,
Oven,2022-07-19 10:03:22.74,False,False,False,0,False,0,ready,,0.0,,
Oven,2022-07-19 10:03:22.85,False,False,False,0,False,0,ready,,0.0,,
Oven,2022-07-19 10:03:22.95,False,False,False,0,False,0,ready,,0.0,,
Oven,2022-07-19 10:03:23.06,False,False,False,0,False,0,ready,,0.0,,
Oven,2022-07-19 10:03:23.16,False,False,False,0,False,0,ready,,0.0,,
Oven,2022-07-19 10:03:23.26,False,False,False,0,False,0,ready,,0.0,,
Oven,2022-07-19 10:03:23.37,False,False,False,0,False,0,ready,,0.0,,
Oven,2022-07-19 10:03:23.47,False,False,False,0,False,0,ready,,0.0,,
Oven,2022-07-19 10:03:23.58,False,False,False,0,False,0,ready,,0.0,,
Oven,2022-07-19 10:03:23.68,False,False,False,0,False,0,ready,,0.0,,
Oven,2022-07-19 10:03:23.79,False,False,False,0,False,0,ready,,0.0,,
Oven,2022-07-19 10:03:23.89,False,False,False,0,False,0,ready,,0.0,,
Oven,2022-07-19 10:03:24.00,False,False,False,0,False,0,ready,,0.0,,
Oven,2022-07-19 10:03:24.10,False,False,False,0,False,0,ready,,0.0,,
Oven,2022-07-19 10:03:24.21,False,False,False,0,False,0,ready,,0.0,,
Oven,2022-07-19 10:03:24.31,False,False,False,0,False,0,ready,,0.0,,
Oven,2022-07-19 10:03:24.42,False,False,False,0,False,0,ready,,0.0,,
Oven,2022-07-19 10:03:24.52,False,False,False,0,False,0,ready,,0.0,,
Oven,2022-07-19 10:03:24.62,False,False,False,0,False,0,ready,,0.0,,
Oven,2022-07-19 10:03:24.73,False,False,False,0,False,0,ready,,0.0,,
Oven,2022-07-19 10:03:24.83,False,False,False,0,False,0,ready,,0.0,,
Oven,2022-07-19 10:03:24.93,False,False,False,0,False,0,ready,,0.0,,
Oven,2022-07-19 10:03:25.04,False,False,False,0,False,0,ready,,0.0,,
Oven,2022-07-19 10:03:25.14,False,False,False,0,False,0,ready,,0.0,,
Oven,2022-07-19 10:03:25.24,False,False,False,0,False,0,ready,,0.0,,
Oven,2022-07-19 10:03:25.35,False,False,False,0,False,0,ready,,0.0,,
Oven,2022-07-19 10:03:25.45,False,False,False,0,False,0,ready,,0.0,,
Oven,2022-07-19 10:03:25.56,False,False,False,0,False,0,ready,,0.0,,
Oven,2022-07-19 10:03:25.66,False,False,False,0,False,0,ready,,0.0,,
Oven,2022-07-19 10:03:25.76,False,False,False,0,False,0,ready,,0.0,,
Oven,2022-07-19 10:03:25.86,False,False,False,0,False,0,ready,,0.0,,
Oven,2022-07-19 10:03:25.97,False,False,False,0,False,0,ready,,0.0,,
Oven,2022-07-19 10:03:26.07,False,False,False,0,False,0,ready,,0.0,,
Oven,2022-07-19 10:03:26.18,False,False,False,0,False,0,ready,,0.0,,
Oven,2022-07-19 10:03:26.28,False,False,False,0,False,0,ready,,0.0,,
Oven,2022-07-19 10:03:26.38,False,False,False,0,False,0,ready,,0.0,,
Oven,2022-07-19 10:03:26.49,False,False,False,0,False,0,ready,,0.0,,
Oven,2022-07-19 10:03:26.59,False,False,False,0,False,0,ready,,0.0,,
Oven,2022-07-19 10:03:26.69,False,False,False,0,False,0,ready,,0.0,,
Oven,2022-07-19 10:03:26.80,False,False,False,0,False,0,ready,,0.0,,
Oven,2022-07-19 10:03:26.90,False,False,False,0,False,0,ready,,0.0,,
Oven,2022-07-19 10:03:27.01,False,False,False,0,False,0,ready,,0.0,,
Oven,2022-07-19 10:03:27.11,False,False,False,0,False,0,ready,,0.0,,
Oven,2022-07-19 10:03:27.21,False,False,False,0,False,0,ready,,0.0,,
Oven,2022-07-19 10:03:27.32,False,False,False,0,False,0,ready,,0.0,,
Oven,2022-07-19 10:03:27.42,False,False,False,0,False,0,ready,,0.0,,
Oven,2022-07-19 10:03:27.52,False,False,False,0,False,0,ready,,0.0,,
Oven,2022-07-19 10:03:27.63,False,False,False,0,False,0,ready,,0.0,,
Oven,2022-07-19 10:03:27.73,False,False,False,0,False,0,ready,,0.0,,
Oven,2022-07-19 10:03:27.83,False,False,False,0,False,0,ready,,0.0,,
Oven,2022-07-19 10:03:27.93,False,False,False,0,False,0,ready,,0.0,,
Oven,2022-07-19 10:03:28.04,False,False,False,0,False,0,ready,,0.0,,
Oven,2022-07-19 10:03:28.14,False,False,False,0,False,0,ready,,0.0,,
Oven,2022-07-19 10:03:28.25,False,False,False,0,False,0,ready,,0.0,,
Oven,2022-07-19 10:03:28.35,False,False,False,0,False,0,ready,,0.0,,
Oven,2022-07-19 10:03:28.45,False,False,False,0,False,0,ready,,0.0,,
Oven,2022-07-19 10:03:28.56,False,False,False,0,False,0,ready,,0.0,,
Oven,2022-07-19 10:03:28.66,False,False,False,0,False,0,ready,,0.0,,
Oven,2022-07-19 10:03:28.77,False,False,False,0,False,0,ready,,0.0,,
Oven,2022-07-19 10:03:28.87,False,False,False,0,False,0,ready,,0.0,,
Oven,2022-07-19 10:03:28.98,False,False,False,0,False,0,ready,,0.0,,
Oven,2022-07-19 10:03:29.08,False,False,False,0,False,0,ready,,0.0,,
Oven,2022-07-19 10:03:29.19,False,False,False,0,False,0,ready,,0.0,,
Oven,2022-07-19 10:03:29.29,False,False,False,0,False,0,ready,,0.0,,
Oven,2022-07-19 10:03:29.39,False,False,False,0,False,0,ready,,0.0,,
Oven,2022-07-19 10:03:29.50,False,False,False,0,False,0,ready,,0.0,,
Oven,2022-07-19 10:03:29.60,False,False,False,0,False,0,ready,,0.0,,
Oven,2022-07-19 10:03:29.71,False,False,False,0,False,0,ready,,0.0,,
Oven,2022-07-19 10:03:29.81,False,False,False,0,False,0,ready,,0.0,,
Oven,2022-07-19 10:03:29.91,False,False,False,0,False,0,ready,,0.0,,
Oven,2022-07-19 10:03:30.02,False,False,False,0,False,0,ready,,0.0,,
Oven,2022-07-19 10:03:30.12,False,False,False,0,False,0,ready,,0.0,,
Oven,2022-07-19 10:03:30.23,False,False,False,0,False,0,ready,,0.0,,
Oven,2022-07-19 10:03:30.33,False,False,False,0,False,0,ready,,0.0,,
Oven,2022-07-19 10:03:30.44,False,False,False,0,False,0,ready,,0.0,,
Oven,2022-07-19 10:03:30.54,False,False,False,0,False,0,ready,,0.0,,
Oven,2022-07-19 10:03:30.64,False,False,False,0,False,0,ready,,0.0,,
Oven,2022-07-19 10:03:30.75,False,False,False,0,False,0,ready,,0.0,,
Oven,2022-07-19 10:03:30.85,False,False,False,0,False,0,ready,,0.0,,
Oven,2022-07-19 10:03:30.95,False,False,False,0,False,0,ready,,0.0,,
Oven,2022-07-19 10:03:31.06,False,False,False,0,False,0,ready,,0.0,,
Oven,2022-07-19 10:03:31.16,False,False,False,0,False,0,ready,,0.0,,
Oven,2022-07-19 10:03:31.26,False,False,False,0,False,0,ready,,0.0,,
Oven,2022-07-19 10:03:31.37,False,False,False,0,False,0,ready,,0.0,,
Oven,2022-07-19 10:03:31.47,False,False,False,0,False,0,ready,,0.0,,
Oven,2022-07-19 10:03:31.57,False,False,False,0,False,0,ready,,0.0,,
Oven,2022-07-19 10:03:31.67,False,False,False,0,False,0,ready,,0.0,,
Oven,2022-07-19 10:03:31.77,False,False,False,0,False,0,ready,,0.0,,
Oven,2022-07-19 10:03:31.88,False,False,False,0,False,0,ready,,0.0,,
Oven,2022-07-19 10:03:31.98,False,False,False,0,False,0,ready,,0.0,,
Oven,2022-07-19 10:03:32.09,False,False,False,0,False,0,ready,,0.0,,
Oven,2022-07-19 10:03:32.19,False,False,False,0,False,0,ready,,0.0,,
Oven,2022-07-19 10:03:32.29,False,False,False,0,False,0,ready,,0.0,,
Oven,2022-07-19 10:03:32.40,False,False,False,0,False,0,ready,,0.0,,
Oven,2022-07-19 10:03:32.50,False,False,False,0,False,0,ready,,0.0,,
Oven,2022-07-19 10:03:32.61,False,False,False,0,False,0,ready,,0.0,,
Oven,2022-07-19 10:03:32.71,False,False,False,0,False,0,ready,,0.0,,
Oven,2022-07-19 10:03:32.81,False,False,False,0,False,0,ready,,0.0,,
Oven,2022-07-19 10:03:32.91,False,False,False,0,False,0,ready,,0.0,,
Oven,2022-07-19 10:03:33.02,False,False,False,0,False,0,ready,,0.0,,
Oven,2022-07-19 10:03:33.12,False,False,False,0,False,0,ready,,0.0,,
Oven,2022-07-19 10:03:33.22,False,False,False,0,False,0,ready,,0.0,,
Oven,2022-07-19 10:03:33.32,False,False,False,0,False,0,ready,,0.0,,
Oven,2022-07-19 10:03:33.43,False,False,False,0,False,0,ready,,0.0,,
Oven,2022-07-19 10:03:33.53,False,False,False,0,False,0,ready,,0.0,,
Oven,2022-07-19 10:03:33.64,False,False,False,0,False,0,ready,,0.0,,
Oven,2022-07-19 10:03:33.74,False,False,False,0,False,0,ready,,0.0,,
Oven,2022-07-19 10:03:33.85,False,False,False,0,False,0,ready,,0.0,,
Oven,2022-07-19 10:03:33.95,False,False,False,0,False,0,ready,,0.0,,
Oven,2022-07-19 10:03:34.05,False,False,False,0,False,0,ready,,0.0,,
Oven,2022-07-19 10:03:34.16,False,False,False,0,False,0,ready,,0.0,,
Oven,2022-07-19 10:03:34.28,False,False,False,0,False,0,ready,,0.0,,
Oven,2022-07-19 10:03:34.38,False,False,False,0,False,0,ready,,0.0,,
Oven,2022-07-19 10:03:34.48,False,False,False,0,False,0,ready,,0.0,,
Oven,2022-07-19 10:03:34.58,False,False,False,0,False,0,ready,,0.0,,
Oven,2022-07-19 10:03:34.69,False,False,False,0,False,0,ready,,0.0,,
Oven,2022-07-19 10:03:34.79,False,False,False,0,False,0,ready,,0.0,,
Oven,2022-07-19 10:03:34.89,False,False,False,0,False,0,ready,,0.0,,
Oven,2022-07-19 10:03:35.00,False,False,False,0,False,0,ready,,0.0,,
Oven,2022-07-19 10:03:35.10,False,False,False,0,False,0,ready,,0.0,,
Oven,2022-07-19 10:03:35.20,False,False,False,0,False,0,ready,,0.0,,
Oven,2022-07-19 10:03:35.31,False,False,False,0,False,0,ready,,0.0,,
Oven,2022-07-19 10:03:35.41,False,False,False,0,False,0,ready,,0.0,,
Oven,2022-07-19 10:03:35.52,False,False,False,0,False,0,ready,,0.0,,
Oven,2022-07-19 10:03:35.62,False,False,False,0,False,0,ready,,0.0,,
Oven,2022-07-19 10:03:35.73,False,False,False,0,False,0,ready,,0.0,,
Oven,2022-07-19 10:03:35.83,False,False,False,0,False,0,ready,,0.0,,
Oven,2022-07-19 10:03:35.93,False,False,False,0,False,0,ready,,0.0,,
Oven,2022-07-19 10:03:36.03,False,False,False,0,False,0,ready,,0.0,,
Oven,2022-07-19 10:03:36.14,False,False,False,0,False,0,ready,,0.0,,
Oven,2022-07-19 10:03:36.24,False,False,False,0,False,0,ready,,0.0,,
Oven,2022-07-19 10:03:36.35,False,False,False,0,False,0,ready,,0.0,,
Oven,2022-07-19 10:03:36.45,False,False,False,0,False,0,ready,,0.0,,
Oven,2022-07-19 10:03:36.55,False,False,False,0,False,0,ready,,0.0,,
Oven,2022-07-19 10:03:36.65,False,False,False,0,False,0,ready,,0.0,,
Oven,2022-07-19 10:03:36.76,False,False,False,0,False,0,ready,,0.0,,
Oven,2022-07-19 10:03:36.86,False,False,False,0,False,0,ready,,0.0,,
Oven,2022-07-19 10:03:36.96,False,False,False,0,False,0,ready,,0.0,,
Oven,2022-07-19 10:03:37.07,False,False,False,0,False,0,ready,,0.0,,
Oven,2022-07-19 10:03:37.17,False,False,False,0,False,0,ready,,0.0,,
Oven,2022-07-19 10:03:37.27,False,False,False,0,False,0,ready,,0.0,,
Oven,2022-07-19 10:03:37.38,False,False,False,0,False,0,ready,,0.0,,
Oven,2022-07-19 10:03:37.48,False,False,False,0,False,0,ready,,0.0,,
Oven,2022-07-19 10:03:37.59,False,False,False,0,False,0,ready,,0.0,,
Oven,2022-07-19 10:03:37.69,False,False,False,0,False,0,ready,,0.0,,
Oven,2022-07-19 10:03:37.80,False,False,False,0,False,0,ready,,0.0,,
Oven,2022-07-19 10:03:37.90,False,False,False,0,False,0,ready,,0.0,,
Oven,2022-07-19 10:03:38.01,False,False,False,0,False,0,ready,,0.0,,
Oven,2022-07-19 10:03:38.11,False,False,False,0,False,0,ready,,0.0,,
Oven,2022-07-19 10:03:38.22,False,False,False,0,False,0,ready,,0.0,,
Oven,2022-07-19 10:03:38.32,False,False,False,0,False,0,ready,,0.0,,
Oven,2022-07-19 10:03:38.43,False,False,False,0,False,0,ready,,0.0,,
Oven,2022-07-19 10:03:38.53,False,False,False,0,False,0,ready,,0.0,,
Oven,2022-07-19 10:03:38.63,False,False,False,0,False,0,ready,,0.0,,
Oven,2022-07-19 10:03:38.74,False,False,False,0,False,0,ready,,0.0,,
Oven,2022-07-19 10:03:38.84,False,False,False,0,False,0,ready,,0.0,,
Oven,2022-07-19 10:03:38.95,False,False,False,0,False,0,ready,,0.0,,
Oven,2022-07-19 10:03:39.05,False,False,False,0,False,0,ready,,0.0,,
Oven,2022-07-19 10:03:39.16,False,False,False,0,False,0,ready,,0.0,,
Oven,2022-07-19 10:03:39.26,False,False,False,0,False,0,ready,,0.0,,
Oven,2022-07-19 10:03:39.37,False,False,False,0,False,0,ready,,0.0,,
Oven,2022-07-19 10:03:39.47,False,False,False,0,False,0,ready,,0.0,,
Oven,2022-07-19 10:03:39.57,False,False,False,0,False,0,ready,,0.0,,
Oven,2022-07-19 10:03:39.68,False,False,False,0,False,0,ready,,0.0,,
Oven,2022-07-19 10:03:39.78,False,False,False,0,False,0,ready,,0.0,,
Oven,2022-07-19 10:03:39.89,False,False,False,0,False,0,ready,,0.0,,
Oven,2022-07-19 10:03:39.99,False,False,False,0,False,0,ready,,0.0,,
Oven,2022-07-19 10:03:40.09,False,False,False,0,False,0,ready,,0.0,,
Oven,2022-07-19 10:03:40.20,False,False,False,0,False,0,ready,,0.0,,
Oven,2022-07-19 10:03:40.30,False,False,False,0,False,0,ready,,0.0,,
Oven,2022-07-19 10:03:40.40,False,False,False,0,False,0,ready,,0.0,,
Oven,2022-07-19 10:03:40.50,False,False,False,0,False,0,ready,,0.0,,
Oven,2022-07-19 10:03:40.61,False,False,False,0,False,0,ready,,0.0,,
Oven,2022-07-19 10:03:40.71,False,False,False,0,False,0,ready,,0.0,,
Oven,2022-07-19 10:03:40.82,False,False,False,0,False,0,ready,,0.0,,
Oven,2022-07-19 10:03:40.92,False,False,False,0,False,0,ready,,0.0,,
Oven,2022-07-19 10:03:41.02,False,False,False,0,False,0,ready,,0.0,,
Oven,2022-07-19 10:03:41.13,False,False,False,0,False,0,ready,,0.0,,
Oven,2022-07-19 10:03:41.23,False,False,False,0,False,0,ready,,0.0,,
Oven,2022-07-19 10:03:41.33,False,False,False,0,False,0,ready,,0.0,,
Oven,2022-07-19 10:03:41.44,False,False,False,0,False,0,ready,,0.0,,
Oven,2022-07-19 10:03:41.54,False,False,False,0,False,0,ready,,0.0,,
Oven,2022-07-19 10:03:41.65,False,False,False,0,False,0,ready,,0.0,,
Oven,2022-07-19 10:03:41.75,False,False,False,0,False,0,ready,,0.0,,
Oven,2022-07-19 10:03:41.85,False,False,False,0,False,0,ready,,0.0,,
Oven,2022-07-19 10:03:41.95,False,False,False,0,False,0,ready,,0.0,,
Oven,2022-07-19 10:03:42.06,False,False,False,0,False,0,ready,,0.0,,
Oven,2022-07-19 10:03:42.16,False,False,False,0,False,0,ready,,0.0,,
Oven,2022-07-19 10:03:42.27,False,False,False,0,False,0,ready,,0.0,,
Oven,2022-07-19 10:03:42.37,False,False,False,0,False,0,ready,,0.0,,
Oven,2022-07-19 10:03:42.47,False,False,False,0,False,0,ready,,0.0,,
Oven,2022-07-19 10:03:42.58,False,False,False,0,False,0,ready,,0.0,,
Oven,2022-07-19 10:03:42.68,False,False,False,0,False,0,ready,,0.0,,
Oven,2022-07-19 10:03:42.78,False,False,False,0,False,0,ready,,0.0,,
Oven,2022-07-19 10:03:42.89,False,False,False,0,False,0,ready,,0.0,,
Oven,2022-07-19 10:03:42.99,False,False,False,0,False,0,ready,,0.0,,
Oven,2022-07-19 10:03:43.10,False,False,False,0,False,0,ready,,0.0,,
Oven,2022-07-19 10:03:43.20,False,False,False,0,False,0,ready,,0.0,,
Oven,2022-07-19 10:03:43.30,False,False,False,0,False,0,ready,,0.0,,
Oven,2022-07-19 10:03:43.40,False,False,False,0,False,0,ready,,0.0,,
Oven,2022-07-19 10:03:43.51,False,False,False,0,False,0,ready,,0.0,,
Oven,2022-07-19 10:03:43.61,False,False,False,0,False,0,ready,,0.0,,
Oven,2022-07-19 10:03:43.71,False,False,False,0,False,0,ready,,0.0,,
Oven,2022-07-19 10:03:43.81,False,False,False,0,False,0,ready,,0.0,,
Oven,2022-07-19 10:03:43.91,False,False,False,0,False,0,ready,,0.0,,
Oven,2022-07-19 10:03:44.02,False,False,False,0,False,0,ready,,0.0,,
Oven,2022-07-19 10:03:44.12,False,False,False,0,False,0,ready,,0.0,,
Oven,2022-07-19 10:03:44.22,False,False,False,0,False,0,ready,,0.0,,
Oven,2022-07-19 10:03:44.33,False,False,False,0,False,0,ready,,0.0,,
Oven,2022-07-19 10:03:44.43,False,False,False,0,False,0,ready,,0.0,,
Oven,2022-07-19 10:03:44.53,False,False,False,0,False,0,ready,,0.0,,
Oven,2022-07-19 10:03:44.64,False,False,False,0,False,0,ready,,0.0,,
Oven,2022-07-19 10:03:44.74,False,False,False,0,False,0,ready,,0.0,,
Oven,2022-07-19 10:03:44.84,False,False,False,0,False,0,ready,,0.0,,
Oven,2022-07-19 10:03:44.94,False,False,False,0,False,0,ready,,0.0,,
Oven,2022-07-19 10:03:45.05,False,False,False,0,False,0,ready,,0.0,,
Oven,2022-07-19 10:03:45.15,False,False,False,0,False,0,ready,,0.0,,
Oven,2022-07-19 10:03:45.26,False,False,False,0,False,0,ready,,0.0,,
Oven,2022-07-19 10:03:45.36,False,False,False,0,False,0,ready,,0.0,,
Oven,2022-07-19 10:03:45.47,False,False,False,0,False,0,ready,,0.0,,
Oven,2022-07-19 10:03:45.57,False,False,False,0,False,0,ready,,0.0,,
Oven,2022-07-19 10:03:45.67,False,False,False,0,False,0,ready,,0.0,,
Oven,2022-07-19 10:03:45.77,False,False,False,0,False,0,ready,,0.0,,
Oven,2022-07-19 10:03:45.88,False,False,False,0,False,0,ready,,0.0,,
Oven,2022-07-19 10:03:45.98,False,False,False,0,False,0,ready,,0.0,,
Oven,2022-07-19 10:03:46.09,False,False,False,0,False,0,ready,,0.0,,
Oven,2022-07-19 10:03:46.19,False,False,False,0,False,0,ready,,0.0,,
Oven,2022-07-19 10:03:46.29,False,False,False,0,False,0,ready,,0.0,,
Oven,2022-07-19 10:03:46.39,False,False,False,0,False,0,ready,,0.0,,
Oven,2022-07-19 10:03:46.49,False,False,False,0,False,0,ready,,0.0,,
Oven,2022-07-19 10:03:46.59,False,False,False,0,False,0,ready,,0.0,,
Oven,2022-07-19 10:03:46.70,False,False,False,0,False,0,ready,,0.0,,
Oven,2022-07-19 10:03:46.81,False,False,False,0,False,0,ready,,0.0,,
Oven,2022-07-19 10:03:46.91,False,False,False,0,False,0,ready,,0.0,,
Oven,2022-07-19 10:03:47.01,False,False,False,0,False,0,ready,,0.0,,
Oven,2022-07-19 10:03:47.12,False,False,False,0,False,0,ready,,0.0,,
Oven,2022-07-19 10:03:47.22,False,False,False,0,False,0,ready,,0.0,,
Oven,2022-07-19 10:03:47.32,False,False,False,0,False,0,ready,,0.0,,
Oven,2022-07-19 10:03:47.43,False,False,False,0,False,0,ready,,0.0,,
Oven,2022-07-19 10:03:47.53,False,False,False,0,False,0,ready,,0.0,,
Oven,2022-07-19 10:03:47.63,False,False,False,0,False,0,ready,,0.0,,
Oven,2022-07-19 10:03:47.74,False,False,False,0,False,0,ready,,0.0,,
Oven,2022-07-19 10:03:47.84,False,False,False,0,False,0,ready,,0.0,,
Oven,2022-07-19 10:03:47.94,False,False,False,0,False,0,ready,,0.0,,
Oven,2022-07-19 10:03:48.05,False,False,False,0,False,0,ready,,0.0,,
Oven,2022-07-19 10:03:48.15,False,False,False,0,False,0,ready,,0.0,,
Oven,2022-07-19 10:03:48.25,False,False,False,0,False,0,ready,,0.0,,
Oven,2022-07-19 10:03:48.35,False,False,False,0,False,0,ready,,0.0,,
Oven,2022-07-19 10:03:48.46,False,False,False,0,False,0,ready,,0.0,,
Oven,2022-07-19 10:03:48.56,False,False,False,0,False,0,ready,,0.0,,
Oven,2022-07-19 10:03:48.66,False,False,False,0,False,0,ready,,0.0,,
Oven,2022-07-19 10:03:48.76,False,False,False,0,False,0,ready,,0.0,,
Oven,2022-07-19 10:03:48.87,False,False,False,0,False,0,ready,,0.0,,
Oven,2022-07-19 10:03:48.97,False,False,False,0,False,0,ready,,0.0,,
Oven,2022-07-19 10:03:49.08,False,False,False,0,False,0,ready,,0.0,,
Oven,2022-07-19 10:03:49.18,False,False,False,0,False,0,ready,,0.0,,
Oven,2022-07-19 10:03:49.29,False,False,False,0,False,0,ready,,0.0,,
Oven,2022-07-19 10:03:49.39,False,False,False,0,False,0,ready,,0.0,,
Oven,2022-07-19 10:03:49.49,False,False,False,0,False,0,ready,,0.0,,
Oven,2022-07-19 10:03:49.59,False,False,False,0,False,0,ready,,0.0,,
Oven,2022-07-19 10:03:49.70,False,False,False,0,False,0,ready,,0.0,,
Oven,2022-07-19 10:03:49.80,False,False,False,0,False,0,ready,,0.0,,
Oven,2022-07-19 10:03:49.90,False,False,False,0,False,0,ready,,0.0,,
Oven,2022-07-19 10:03:50.01,False,False,False,0,False,0,ready,,0.0,,
Oven,2022-07-19 10:03:50.11,False,False,False,0,False,0,ready,,0.0,,
Oven,2022-07-19 10:03:50.22,False,False,False,0,False,0,ready,,0.0,,
Oven,2022-07-19 10:03:50.32,False,False,False,0,False,0,ready,,0.0,,
Oven,2022-07-19 10:03:50.42,False,False,False,0,False,0,ready,,0.0,,
Oven,2022-07-19 10:03:50.53,False,False,False,0,False,0,ready,,0.0,,
Oven,2022-07-19 10:03:50.63,False,False,False,0,False,0,ready,,0.0,,
Oven,2022-07-19 10:03:50.74,False,False,False,0,False,0,ready,,0.0,,
Oven,2022-07-19 10:03:50.84,False,False,False,0,False,0,ready,,0.0,,
Oven,2022-07-19 10:03:50.95,False,False,False,0,False,0,ready,,0.0,,
Oven,2022-07-19 10:03:51.05,False,False,False,0,False,0,ready,,0.0,,
Oven,2022-07-19 10:03:51.15,False,False,False,0,False,0,ready,,0.0,,
Oven,2022-07-19 10:03:51.26,False,False,False,0,False,0,ready,,0.0,,
Oven,2022-07-19 10:03:51.36,False,False,False,0,False,0,ready,,0.0,,
Oven,2022-07-19 10:03:51.46,False,False,False,0,False,0,ready,,0.0,,
Oven,2022-07-19 10:03:51.57,False,False,False,0,False,0,ready,,0.0,,
Oven,2022-07-19 10:03:51.68,False,False,False,0,False,0,ready,,0.0,,
Oven,2022-07-19 10:03:51.78,False,False,False,0,False,0,ready,,0.0,,
Oven,2022-07-19 10:03:51.88,False,False,False,0,False,0,ready,,0.0,,
Oven,2022-07-19 10:03:51.99,False,False,False,0,False,0,ready,,0.0,,
Oven,2022-07-19 10:03:52.09,False,False,False,0,False,0,ready,,0.0,,
Oven,2022-07-19 10:03:52.19,False,False,False,0,False,0,ready,,0.0,,
Oven,2022-07-19 10:03:52.30,False,False,False,0,False,0,ready,,0.0,,
Oven,2022-07-19 10:03:52.40,False,False,False,0,False,0,ready,,0.0,,
Oven,2022-07-19 10:03:52.51,False,False,False,0,False,0,ready,,0.0,,
Oven,2022-07-19 10:03:52.61,False,False,False,0,False,0,ready,,0.0,,
Oven,2022-07-19 10:03:52.72,False,False,False,0,False,0,ready,,0.0,,
Oven,2022-07-19 10:03:52.82,False,False,False,0,False,0,ready,,0.0,,
Oven,2022-07-19 10:03:52.92,False,False,False,0,False,0,ready,,0.0,,
Oven,2022-07-19 10:03:53.03,False,False,False,0,False,0,ready,,0.0,,
Oven,2022-07-19 10:03:53.13,False,False,False,0,False,0,ready,,0.0,,
Oven,2022-07-19 10:03:53.24,False,False,False,0,False,0,ready,,0.0,,
Oven,2022-07-19 10:03:53.34,False,False,False,0,False,0,ready,,0.0,,
Oven,2022-07-19 10:03:53.44,False,False,False,0,False,0,ready,,0.0,,
Oven,2022-07-19 10:03:53.55,False,False,False,0,False,0,ready,,0.0,,
Oven,2022-07-19 10:03:53.65,False,False,False,0,False,0,ready,,0.0,,
Oven,2022-07-19 10:03:53.75,False,False,False,0,False,0,ready,,0.0,,
Oven,2022-07-19 10:03:53.86,False,False,False,0,False,0,ready,,0.0,,
Oven,2022-07-19 10:03:53.96,False,False,False,0,False,0,ready,,0.0,,
Oven,2022-07-19 10:03:54.07,False,False,False,0,False,0,ready,,0.0,,
Oven,2022-07-19 10:03:54.18,False,False,False,0,False,0,ready,,0.0,,
Oven,2022-07-19 10:03:54.28,False,False,False,0,False,0,ready,,0.0,,
Oven,2022-07-19 10:03:54.38,False,False,False,0,False,0,ready,,0.0,,
Oven,2022-07-19 10:03:54.49,False,False,False,0,False,0,ready,,0.0,,
Oven,2022-07-19 10:03:54.59,False,False,False,0,False,0,ready,,0.0,,
Oven,2022-07-19 10:03:54.70,False,False,False,0,False,0,ready,,0.0,,
Oven,2022-07-19 10:03:54.80,False,False,False,0,False,0,ready,,0.0,,
Oven,2022-07-19 10:03:54.91,False,False,False,0,False,0,ready,,0.0,,
Oven,2022-07-19 10:03:55.01,False,False,False,0,False,0,ready,,0.0,,
Oven,2022-07-19 10:03:55.12,False,False,False,0,False,0,ready,,0.0,,
Oven,2022-07-19 10:03:55.22,False,False,False,0,False,0,ready,,0.0,,
Oven,2022-07-19 10:03:55.33,False,False,False,0,False,0,ready,,0.0,,
Oven,2022-07-19 10:03:55.43,False,False,False,0,False,0,ready,,0.0,,
Oven,2022-07-19 10:03:55.54,False,False,False,0,False,0,ready,,0.0,,
Oven,2022-07-19 10:03:55.64,False,False,False,0,False,0,ready,,0.0,,
Oven,2022-07-19 10:03:55.74,False,False,False,0,False,0,ready,,0.0,,
Oven,2022-07-19 10:03:55.86,False,False,False,0,False,0,ready,,0.0,,
Oven,2022-07-19 10:03:55.96,False,False,False,0,False,0,ready,,0.0,,
Oven,2022-07-19 10:03:56.07,False,False,False,0,False,0,ready,,0.0,,
Oven,2022-07-19 10:03:56.17,False,False,False,0,False,0,ready,,0.0,,
Oven,2022-07-19 10:03:56.27,False,False,False,0,False,0,ready,,0.0,,
Oven,2022-07-19 10:03:56.38,False,False,False,0,False,0,ready,,0.0,,
Oven,2022-07-19 10:03:56.48,False,False,False,0,False,0,ready,,0.0,,
Oven,2022-07-19 10:03:56.59,False,False,False,0,False,0,ready,,0.0,,
Oven,2022-07-19 10:03:56.69,False,False,False,0,False,0,ready,,0.0,,
Oven,2022-07-19 10:03:56.80,False,False,False,0,False,0,ready,,0.0,,
Oven,2022-07-19 10:03:56.90,False,False,False,0,False,0,ready,,0.0,,
Oven,2022-07-19 10:03:57.01,False,False,False,0,False,0,ready,,0.0,,
Oven,2022-07-19 10:03:57.11,False,False,False,0,False,0,ready,,0.0,,
Oven,2022-07-19 10:03:57.21,False,False,False,0,False,0,ready,,0.0,,
Oven,2022-07-19 10:03:57.32,False,False,False,0,False,0,ready,,0.0,,
Oven,2022-07-19 10:03:57.42,False,False,False,0,False,0,ready,,0.0,,
Oven,2022-07-19 10:03:57.53,False,False,False,0,False,0,ready,,0.0,,
Oven,2022-07-19 10:03:57.63,False,False,False,0,False,0,ready,,0.0,,
